,Calciatore,Ruolo,Squadra,Partite Giocate,MV,FM,Gol,Gol Subiti,Rigori,Rigori Parati,Assist,Ammonizioni,Espulsioni,QA,ExpectedCost_1000
0,Kean,a,JUV,1,"7,0","10,0",1,0,0 / 0,0,0,0,0,3,-
1,Pellegri,a,GEN,1,"7,0","10,0",1,0,0 / 0,0,0,0,0,1,-
2,Crosta,p,CAG,1,"7,5","9,5",0,1,0 / 0,1,0,0,0,1,-
3,Mertens,a,NAP,34,"6,85","9,38",28,0,2 / 3,0,8,6,0,34,-
4,Dzeko,a,ROM,37,"6,62","8,97",29,0,1 / 3,0,8,4,0,37,-
5,Belotti,a,TOR,35,"6,56","8,54",26,0,2 / 5,0,3,5,0,32,-
6,Higuain,a,JUV,38,"6,43","8,39",24,0,0 / 0,0,3,1,0,34,-
7,Insigne,a,NAP,37,"6,65","8,30",18,0,2 / 2,0,8,2,0,34,-
8,Icardi,a,INT,34,"6,21","8,28",24,0,3 / 4,0,4,1,0,29,-
9,Immobile,a,LAZ,36,"6,38","8,28",23,0,6 / 6,0,2,5,0,31,-
10,Gomez,c,ATA,37,"6,74","8,23",16,0,2 / 2,0,10,6,0,32,-
11,Keita B.,a,LAZ,31,"6,55","8,13",16,0,2 / 2,0,4,4,1,26,-
12,Salah,a,ROM,31,"6,29","8,03",15,0,0 / 0,0,10,2,0,29,-
13,Tonelli,d,NAP,3,"6,33","8,0",2,0,0 / 0,0,0,2,0,2,-
14,Dybala,a,JUV,29,"6,57","7,91",11,0,3 / 3,0,7,2,0,30,-
15,Callejon,a,NAP,37,"6,42","7,82",14,0,0 / 0,0,12,2,1,29,-
16,Crecco,c,LAZ,2,"6,25","7,75",1,0,0 / 0,0,0,0,0,3,-
17,Zarate,a,FIO,5,"6,4","7,7",2,0,0 / 0,0,1,1,0,8,-
18,Milik,a,NAP,10,"6,25","7,7",5,0,0 / 0,0,0,1,0,13,-
19,Zajc,c,EMP,3,"6,33","7,67",1,0,0 / 0,0,1,0,0,4,-
20,Babacar,a,FIO,20,"6,0","7,55",10,0,1 / 1,0,1,0,0,13,-
21,Defrel,a,SAS,28,"6,20","7,5",12,0,1 / 1,0,1,1,0,21,-
22,Hamsik,c,NAP,38,"6,39","7,46",12,0,0 / 0,0,5,1,0,26,-
23,Borriello,a,CAG,34,"6,21","7,46",16,0,1 / 2,0,1,4,0,23,-
24,Schick,a,SAM,29,"6,24","7,45",11,0,0 / 0,0,3,2,0,17,-
25,Muriel,a,SAM,31,"6,31","7,44",11,0,4 / 4,0,5,4,1,21,-
26,Nainggolan,c,ROM,36,"6,47","7,42",11,0,0 / 0,0,2,2,0,23,-
27,Perotti,c,ROM,27,"6,26","7,33",8,0,7 / 7,0,6,2,0,18,-
28,Kalinic,a,FIO,32,"6,05","7,28",15,0,1 / 2,0,1,5,1,21,-
29,Falcinelli,a,CRO,36,"6,21","7,25",13,0,2 / 2,0,2,7,0,16,-
30,Totti,a,ROM,11,"6,45","7,23",2,0,2 / 2,0,3,1,0,7,-
31,Iemmello,a,SAS,12,"6,0","7,21",5,0,1 / 1,0,0,1,0,8,-
32,Lapadula,a,MIL,23,"6,13","7,20",8,0,2 / 2,0,2,3,0,15,-
33,Iago Falque,a,TOR,34,"6,07","7,19",12,0,2 / 3,0,6,2,0,21,-
34,Perisic,c,INT,36,"6,14","7,19",11,0,0 / 0,0,7,2,1,22,-
35,Han,a,CAG,3,"6,17","7,17",1,0,0 / 0,0,0,0,0,2,-
36,El Shaarawy,a,ROM,29,"6,14","7,10",8,0,0 / 0,0,4,0,0,23,-
37,Conti,d,ATA,32,"6,39","7,08",8,0,0 / 0,0,4,12,0,16,-
38,Bernardeschi,c,FIO,32,"6,16","7,05",11,0,3 / 4,0,2,5,1,14,-
39,Farias,a,CAG,20,"6,0","7,05",7,0,2 / 2,0,2,4,0,13,-
40,Bahebeck,a,PES,13,"6,04","7,04",4,0,0 / 0,0,1,0,0,9,-
41,Quagliarella,a,SAM,36,"6,06","7,03",12,0,3 / 4,0,3,2,0,22,-
42,Deulofeu,a,MIL,17,"6,32","7,03",4,0,0 / 0,0,2,4,0,12,-
43,Lezzerini,p,FIO,1,"7,0","7,0",0,0,0 / 0,0,0,0,0,1,-
44,Berardi,a,SAS,21,"6,29","7,0",5,0,2 / 3,0,6,6,0,17,-
45,Ljajic,a,TOR,33,"6,09","6,98",10,0,1 / 2,0,5,5,0,21,-
46,Pellissier,a,CHI,28,"5,95","6,96",9,0,3 / 3,0,2,1,0,13,-
47,Mchedlidze,a,EMP,14,"6,04","6,96",6,0,0 / 1,0,0,4,0,6,-
48,Inglese,a,CHI,31,"5,95","6,95",10,0,0 / 1,0,4,0,0,15,-
49,Verdi,c,BOL,27,"6,24","6,94",6,0,0 / 0,0,3,4,0,13,-
50,Petagna,a,ATA,33,"6,33","6,94",5,0,0 / 0,0,6,2,0,14,-
51,Caldara,d,ATA,30,"6,28","6,92",7,0,0 / 0,0,0,4,0,13,-
52,Banega,c,INT,24,"5,96","6,92",6,0,0 / 0,0,7,2,1,13,-
53,Suso,c,MIL,34,"6,28","6,91",7,0,0 / 1,0,6,5,0,18,-
54,Zielinski,c,NAP,34,"6,34","6,90",5,0,0 / 0,0,6,4,0,16,-
55,Pjanic,c,JUV,30,"6,22","6,9",5,0,0 / 0,0,8,5,0,19,-
56,Mandzukic,a,JUV,32,"6,25","6,89",7,0,0 / 0,0,2,5,0,17,-
57,Fofana,c,UDI,22,"6,23","6,89",5,0,0 / 0,0,1,3,0,9,-
58,Andreolli,d,INT,4,"6,12","6,88",1,0,0 / 0,0,0,0,0,5,-
59,Eder,a,INT,30,"6,03","6,88",8,0,0 / 0,0,3,3,0,15,-
60,Di Francesco F.,c,BOL,17,"6,15","6,88",4,0,0 / 0,0,3,3,1,10,-
61,Bacca,a,MIL,30,"5,78","6,87",13,0,4 / 6,0,1,3,0,19,-
62,Thereau,a,UDI,33,"5,88","6,86",12,0,1 / 2,0,1,3,0,17,-
63,Melchiorri,a,CAG,10,"6,0","6,85",3,0,0 / 0,0,0,1,0,3,-
64,Birsa,c,CHI,35,"6,13","6,83",7,0,0 / 1,0,9,5,0,15,-
65,Simeone,a,GEN,35,"5,9","6,83",12,0,1 / 2,0,1,3,0,12,-
66,Bonaventura,c,MIL,19,"6,42","6,82",3,0,0 / 0,0,0,3,0,11,-
67,Jankto,c,UDI,25,"6,16","6,8",5,0,0 / 0,0,4,6,0,10,-
68,Pellegrini Lo.,c,SAS,28,"6,05","6,79",6,0,1 / 1,0,7,7,1,12,-
69,Zapata D.,a,UDI,38,"5,99","6,79",10,0,1 / 1,0,2,3,0,20,-
70,Paredes,c,ROM,18,"6,33","6,78",3,0,0 / 0,0,1,4,0,9,-
71,Dzemaili,c,BOL,31,"6,13","6,77",8,0,0 / 0,0,2,10,1,13,-
72,Kessie',c,ATA,30,"6,28","6,77",6,0,2 / 2,0,1,5,2,12,-
73,Felipe Anderson,c,LAZ,36,"6,28","6,76",4,0,1 / 1,0,8,5,0,19,-
74,Strootman,c,ROM,33,"6,30","6,76",4,0,0 / 0,0,6,6,0,17,-
75,Balic,c,UDI,4,"6,12","6,75",1,0,0 / 0,0,0,1,0,4,-
76,Muric R.,c,PES,4,"6,0","6,75",1,0,0 / 0,0,0,0,0,5,-
77,Freuler,c,ATA,31,"6,21","6,74",5,0,0 / 0,0,4,5,0,13,-
78,Joao Pedro,c,CAG,22,"6,0","6,73",7,0,1 / 2,0,1,4,1,12,-
79,Nestorovski,a,PAL,37,"5,85","6,73",11,0,1 / 1,0,2,5,0,12,-
80,Politano,a,SAS,32,"6,17","6,72",5,0,2 / 2,0,5,5,0,15,-
81,Rugani,d,JUV,14,"6,43","6,71",2,0,0 / 0,0,0,4,0,6,-
82,Nalini,a,CRO,14,"6,21","6,71",2,0,0 / 0,0,2,2,0,8,-
83,Matri,a,SAS,27,"5,81","6,69",8,0,0 / 0,0,0,1,0,10,-
84,Rispoli,d,PAL,32,"6,09","6,67",6,0,0 / 0,0,3,5,0,14,-
85,Khedira,c,JUV,31,"6,10","6,65",5,0,0 / 0,0,3,2,0,15,-
86,Perica,a,UDI,26,"5,98","6,65",6,0,0 / 0,0,1,4,0,10,-
87,Candreva,c,INT,38,"6,01","6,62",6,0,0 / 1,0,9,2,0,20,-
88,Destro,a,BOL,30,"5,68","6,62",11,0,0 / 1,0,0,4,0,16,-
89,Murgia,c,LAZ,9,"6,0","6,61",2,0,0 / 0,0,0,1,0,4,-
90,Pasalic,c,MIL,23,"5,98","6,57",5,0,0 / 0,0,1,5,0,10,-
91,De Rossi,c,ROM,28,"6,16","6,54",4,0,2 / 2,0,3,9,0,12,-
92,Chiriches,d,NAP,13,"6,08","6,54",2,0,0 / 0,0,0,0,0,5,-
93,Milinkovic-Savic,c,LAZ,34,"6,13","6,54",4,0,0 / 0,0,6,8,0,12,-
94,Sau,a,CAG,34,"5,91","6,54",7,0,0 / 0,0,3,5,0,14,-
95,Castro,c,CHI,33,"6,06","6,53",5,0,0 / 0,0,4,5,1,13,-
96,Lulic,c,LAZ,31,"6,13","6,53",3,0,0 / 0,0,8,7,1,13,-
97,Quaison,c,PAL,15,"5,9","6,53",4,0,0 / 0,0,0,5,0,9,-
98,Benassi,c,TOR,27,"5,98","6,52",5,0,0 / 0,0,2,5,0,9,-
99,Chiesa,a,FIO,22,"6,14","6,52",3,0,0 / 0,0,2,3,1,7,-
100,Honda,c,MIL,4,"5,75","6,5",1,0,0 / 0,0,0,0,0,4,-
101,El Kaddouri,c,EMP,16,"6,03","6,5",3,0,0 / 0,0,1,5,0,9,-
102,Baselli,c,TOR,34,"5,97","6,5",6,0,0 / 0,0,3,6,0,15,-
103,Luis Alberto,a,LAZ,8,"5,88","6,5",1,0,0 / 0,0,2,0,0,6,-
104,Tello C.,c,FIO,33,"5,98","6,48",4,0,0 / 0,0,5,1,0,11,-
105,Acerbi,d,SAS,38,"6,16","6,45",4,0,1 / 1,0,0,2,0,16,-
106,Bruno Fernandes,c,SAM,32,"5,95","6,45",5,0,0 / 0,0,2,2,0,12,-
107,Caprari,a,PES,35,"5,9","6,44",9,0,1 / 3,0,2,8,0,13,-
108,Kurtic,c,ATA,37,"5,99","6,43",6,0,0 / 0,0,2,7,0,11,-
109,Marchisio,c,JUV,18,"6,25","6,42",1,0,0 / 0,0,1,2,0,10,-
110,Alex Sandro,d,JUV,26,"6,13","6,42",3,0,0 / 0,0,3,5,0,12,-
111,Fernandez M,c,MIL,11,"5,95","6,41",1,0,0 / 0,0,2,1,0,7,-
112,Ionita,c,CAG,17,"5,97","6,41",3,0,0 / 0,0,1,5,0,9,-
113,Chiellini,d,JUV,20,"6,15","6,4",2,0,0 / 0,0,1,4,0,8,-
114,De Vrij,d,LAZ,27,"6,15","6,39",2,0,0 / 0,0,2,3,0,11,-
115,Ocampos,c,MIL,22,"6,05","6,39",3,0,1 / 1,0,1,5,0,9,-
116,Pavoletti,a,NAP,13,"5,77","6,38",3,0,0 / 0,0,0,2,0,13,-
117,Parolo,c,LAZ,34,"6,10","6,38",5,0,0 / 0,0,0,11,0,11,-
118,Koulibaly,d,NAP,28,"6,27","6,38",2,0,0 / 0,0,0,6,0,12,-
119,Maxi Lopez,a,TOR,13,"5,96","6,38",2,0,0 / 0,0,0,2,0,5,-
120,Borja Valero,c,FIO,32,"6,12","6,36",1,0,0 / 0,0,7,5,0,14,-
121,Magnanelli,c,SAS,14,"6,21","6,36",1,0,0 / 0,0,0,2,0,5,-
122,Zappacosta,d,TOR,28,"6,12","6,36",1,0,0 / 0,0,4,1,0,9,-
123,Cristante,c,ATA,25,"5,96","6,36",3,0,0 / 0,0,2,2,0,10,-
124,Ragusa,a,SAS,22,"5,84","6,36",4,0,0 / 0,0,2,5,0,7,-
125,Joao Mario N.,c,INT,28,"5,95","6,36",3,0,0 / 0,0,5,5,0,13,-
126,Barbosa,a,INT,7,"6,07","6,36",1,0,0 / 0,0,0,3,0,8,-
127,Benali,c,PES,33,"5,83","6,35",6,0,0 / 0,0,2,4,1,10,-
128,Masiello,d,ATA,35,"6,21","6,34",3,0,0 / 0,0,0,9,0,13,-
129,Vecino,c,FIO,29,"6,02","6,34",3,0,0 / 0,0,4,7,0,11,-
130,Bonucci,d,JUV,29,"6,10","6,33",3,0,0 / 0,0,0,5,0,12,-
131,Gabbiadini,a,NAP,12,"5,67","6,33",3,0,1 / 1,0,0,0,1,14,-
132,Ninkovic,c,GEN,15,"5,97","6,33",2,0,0 / 0,0,1,3,0,3,-
133,Stoian,c,CRO,25,"5,94","6,32",3,0,0 / 0,0,2,3,0,8,-
134,Gagliardini,c,INT,28,"6,11","6,32",2,0,0 / 0,0,3,7,0,9,-
135,Spinazzola,c,ATA,30,"6,28","6,32",0,0,0 / 0,0,4,2,0,11,-
136,Di Gennaro D,c,CAG,20,"6,02","6,32",2,0,0 / 0,0,3,4,1,6,-
137,Viviani,c,BOL,15,"5,93","6,3",2,0,0 / 0,0,2,3,1,6,-
138,Cuadrado,c,JUV,30,"6,03","6,3",2,0,0 / 0,0,6,8,0,12,-
139,Benatia,d,JUV,15,"6,2","6,3",1,0,0 / 0,0,0,3,0,8,-
140,Grenier,c,ROM,5,"6,2","6,3",0,0,0 / 0,0,1,1,0,6,-
141,Taider,c,BOL,24,"5,94","6,29",3,0,0 / 0,0,0,1,0,9,-
142,D'alessandro,c,ATA,16,"6,09","6,28",1,0,0 / 0,0,1,2,0,6,-
143,Ghoulam,d,NAP,27,"6,07","6,28",0,0,0 / 0,0,6,1,0,9,-
144,Florenzi,d,ROM,9,"6,11","6,28",0,0,0 / 0,0,3,3,0,6,-
145,Dani Alves,d,JUV,16,"6,0","6,28",2,0,0 / 0,0,1,5,0,7,-
146,Sensi,c,SAS,16,"6,22","6,28",1,0,0 / 0,0,0,4,0,6,-
147,Ilicic,c,FIO,28,"5,91","6,27",5,0,1 / 3,0,2,2,0,17,-
148,Biglia,c,LAZ,28,"6,09","6,27",4,0,3 / 5,0,3,8,0,11,-
149,Trotta,a,CRO,26,"5,81","6,27",3,0,1 / 1,0,4,2,0,9,-
150,Simy,a,CRO,15,"5,67","6,27",3,0,0 / 0,0,0,0,0,6,-
151,Fazio,d,ROM,36,"6,11","6,26",2,0,0 / 0,0,1,3,0,13,-
152,Allan,c,NAP,28,"6,09","6,25",1,0,0 / 0,0,3,3,0,12,-
153,Giaccherini,c,NAP,8,"5,88","6,25",1,0,0 / 0,0,0,0,0,4,-
154,Saponara,c,FIO,27,"5,78","6,24",4,0,0 / 0,0,3,5,0,11,-
155,Maccarone,a,EMP,28,"5,68","6,20",5,0,2 / 2,0,2,3,1,10,-
156,Pandev,a,GEN,16,"5,72","6,19",3,0,0 / 0,0,0,1,1,7,-
157,Lazovic,c,GEN,33,"5,95","6,18",2,0,0 / 0,0,4,3,1,11,-
158,Ntcham,c,GEN,17,"5,68","6,18",3,0,0 / 0,0,1,3,0,5,-
159,Rigoni N,c,CHI,9,"5,94","6,17",1,0,0 / 0,0,0,2,0,2,-
160,Meggiorini,a,CHI,27,"5,94","6,17",3,0,0 / 0,0,0,6,0,8,-
161,Brozovic,c,INT,23,"5,76","6,17",4,0,0 / 0,0,1,7,0,9,-
162,Strinic,d,NAP,12,"6,12","6,17",0,0,0 / 0,0,2,3,0,4,-
163,Hateboer,d,ATA,3,"6,17","6,17",0,0,0 / 0,0,1,2,0,1,-
164,Croce,c,EMP,35,"6,13","6,16",1,0,0 / 0,0,0,4,0,12,-
165,Diawara,c,NAP,17,"6,18","6,15",0,0,0 / 0,0,0,1,0,6,-
166,Asamoah,c,JUV,17,"6,15","6,15",0,0,0 / 0,0,1,2,0,7,-
167,Emerson P.,d,ROM,23,"6,13","6,15",0,0,0 / 0,0,1,1,0,9,-
168,De Paul,c,UDI,33,"5,88","6,14",4,0,0 / 0,0,1,7,1,9,-
169,D'ambrosio,d,INT,32,"5,84","6,12",3,0,0 / 0,0,2,4,0,9,-
170,Evra,d,JUV,4,"6,12","6,12",0,0,0 / 0,0,0,0,0,4,-
171,Lichtsteiner,d,JUV,25,"6,02","6,12",1,0,0 / 0,0,2,5,0,8,-
172,Lemina,c,JUV,16,"5,97","6,12",1,0,0 / 0,0,0,1,0,6,-
173,Alvarez R,c,SAM,17,"5,82","6,12",2,0,0 / 0,0,1,2,1,7,-
174,Samir,d,UDI,21,"6,10","6,12",0,0,0 / 0,0,2,3,0,6,-
175,Jorginho,c,NAP,27,"6,06","6,11",0,0,0 / 0,0,3,3,0,10,-
176,Krejci,c,BOL,35,"5,86","6,11",1,0,1 / 1,0,7,2,0,9,-
177,Gamberini,d,CHI,20,"5,98","6,1",1,0,0 / 0,0,0,1,0,5,-
178,Barzagli,d,JUV,20,"6,15","6,1",0,0,0 / 0,0,0,2,0,7,-
179,Zapata C.,d,MIL,15,"5,9","6,1",1,0,0 / 0,0,0,0,0,5,-
180,Locatelli,c,MIL,25,"6,0","6,1",2,0,0 / 0,0,0,7,0,5,-
181,Lukaku J.,d,LAZ,15,"6,1","6,1",0,0,0 / 0,0,1,2,0,6,-
182,Romagnoli,d,MIL,27,"6,06","6,09",1,0,0 / 0,0,1,4,1,8,-
183,De Silvestri,d,TOR,16,"5,81","6,09",1,0,0 / 0,0,2,1,0,6,-
184,Torreira,c,SAM,35,"6,19","6,09",0,0,0 / 0,0,0,7,0,9,-
185,Badelj,c,FIO,31,"5,97","6,08",2,0,0 / 0,0,2,9,0,9,-
186,De Guzman,c,CHI,24,"5,85","6,08",2,0,1 / 1,0,1,3,0,6,-
187,Manolas,d,ROM,32,"6,19","6,08",0,0,0 / 0,0,0,7,0,10,-
188,Barreto,c,SAM,32,"5,98","6,08",2,0,0 / 0,0,0,4,1,9,-
189,Ferrari G.,d,CRO,37,"5,92","6,08",3,0,0 / 0,0,1,8,0,11,-
190,Niang,a,MIL,14,"5,79","6,07",3,0,1 / 3,0,2,0,1,13,-
191,Chochev,c,PAL,29,"5,76","6,07",3,0,0 / 0,0,2,4,0,7,-
192,Edenilson,d,GEN,14,"6,0","6,07",0,0,0 / 0,0,3,2,1,5,-
193,Linetty,c,SAM,34,"5,94","6,07",1,0,0 / 0,0,4,5,0,10,-
194,Thiam,a,EMP,14,"5,82","6,07",1,0,0 / 0,0,1,1,0,6,-
195,Laxalt,c,GEN,36,"5,96","6,06",1,0,0 / 0,0,3,5,0,10,-
196,Basta,d,LAZ,27,"5,91","6,06",1,0,0 / 0,0,2,2,0,8,-
197,Albiol,d,NAP,26,"6,17","6,06",0,0,0 / 0,0,1,8,0,9,-
198,Acquah,c,TOR,16,"5,94","6,06",2,0,0 / 0,0,0,2,3,6,-
199,Barberis,c,CRO,26,"6,0","6,06",0,0,0 / 0,0,3,3,0,8,-
200,Rincon,c,JUV,22,"6,05","6,05",0,0,0 / 0,0,2,4,0,6,-
201,Molinaro,d,TOR,10,"5,95","6,05",0,0,0 / 0,0,2,2,0,3,-
202,Boye',a,TOR,26,"5,94","6,04",1,0,0 / 0,0,2,5,0,8,-
203,Grassi,c,ATA,15,"5,9","6,03",1,0,0 / 0,0,0,2,0,5,-
204,Rigoni L,c,GEN,31,"5,92","6,03",3,0,0 / 0,0,1,13,0,7,-
205,Mitrita,c,PES,15,"5,73","6,03",1,0,0 / 0,0,2,1,0,5,-
206,Mazzitelli,c,SAS,16,"5,97","6,03",1,0,0 / 0,0,2,8,0,4,-
207,Moretti,d,TOR,23,"5,91","6,02",1,0,0 / 0,0,2,5,0,8,-
208,Barreca,d,TOR,27,"5,98","6,02",0,0,0 / 0,0,2,2,0,7,-
209,Morleo,d,BOL,1,"6,0","6,0",0,0,0 / 0,0,0,0,0,1,-
210,Gakpe',c,CHI,13,"5,85","6,0",1,0,0 / 0,0,0,2,0,4,-
211,Antonelli,d,MIL,6,"6,08","6,0",0,0,0 / 0,0,0,1,0,3,-
212,Bertolacci,c,MIL,13,"5,88","6,0",1,0,0 / 0,0,0,3,0,5,-
213,Maggio,d,NAP,5,"6,0","6,0",0,0,0 / 0,0,0,0,0,1,-
214,Duncan,c,SAS,19,"5,95","6,0",1,0,0 / 0,0,0,4,0,7,-
215,Lucas Evangelista,c,UDI,3,"5,83","6,0",0,0,0 / 0,0,1,1,0,2,-
216,Adjapong,d,SAS,6,"5,75","6,0",1,0,0 / 0,0,0,3,0,2,-
217,Ricci F.,a,SAS,18,"5,78","6,0",2,0,1 / 1,0,0,4,0,3,-
218,Rohden,c,CRO,33,"5,85","6,0",1,0,0 / 0,0,4,4,0,9,-
219,Hagi,a,FIO,2,"6,25","6,0",0,0,0 / 0,0,0,1,0,1,-
220,Cabezas,c,ATA,1,"6,0","6,0",0,0,0 / 0,0,0,0,0,1,-
221,Taarabt,c,GEN,5,"5,8","6,0",0,0,0 / 0,0,1,0,0,5,-
222,Bastoni,d,ATA,3,"6,0","6,0",0,0,0 / 0,0,0,0,0,2,-
223,Melegoni,c,ATA,1,"6,0","6,0",0,0,0 / 0,0,0,0,0,1,-
224,Silvestre,d,SAM,36,"5,99","5,99",0,0,0 / 0,0,2,2,1,10,-
225,Pasqual,d,EMP,32,"5,84","5,98",2,0,1 / 1,0,2,7,0,10,-
226,Bruno Peres,d,ROM,28,"5,79","5,98",2,0,0 / 0,0,1,3,0,10,-
227,Toloi,d,ATA,31,"6,10","5,98",0,0,0 / 0,0,0,7,0,10,-
228,Sampirisi,d,CRO,20,"5,8","5,98",1,0,0 / 0,0,1,1,0,5,-
229,Iturbe,a,TOR,16,"5,62","5,97",1,0,0 / 0,0,3,1,0,6,-
230,Diamanti,c,PAL,29,"5,90","5,97",1,0,0 / 0,0,4,8,1,10,-
231,Zampano,d,PES,34,"5,85","5,97",0,0,0 / 0,0,5,2,0,8,-
232,Kucka,c,MIL,28,"5,89","5,96",3,0,0 / 0,0,1,7,3,7,-
233,Cerri,a,PES,12,"5,5","5,96",2,0,0 / 0,0,0,1,0,4,-
234,Hoedt,d,LAZ,23,"5,89","5,96",2,0,0 / 0,0,0,5,0,6,-
235,Widmer,d,UDI,28,"5,86","5,96",0,0,0 / 0,0,4,2,0,9,-
236,Manaj,a,PES,12,"5,54","5,96",2,0,0 / 0,0,0,2,0,7,-
237,Gobbi,d,CHI,30,"5,87","5,95",1,0,0 / 0,0,2,5,0,6,-
238,Astori,d,FIO,33,"5,97","5,95",2,0,0 / 0,0,0,11,1,8,-
239,Trajkovski,a,PAL,9,"5,67","5,94",1,0,0 / 0,0,0,1,0,3,-
240,Dell'orco,d,SAS,9,"5,94","5,94",0,0,0 / 0,0,0,0,0,3,-
241,Martinez,a,TOR,9,"5,78","5,94",1,0,0 / 0,0,0,3,0,4,-
242,Praet,c,SAM,31,"5,87","5,94",1,0,0 / 0,0,1,4,0,9,-
243,Radu,d,LAZ,29,"5,86","5,93",2,0,0 / 0,0,1,10,0,5,-
244,Abate,d,MIL,23,"5,89","5,93",0,0,0 / 0,0,2,2,0,4,-
245,Antei,d,SAS,14,"5,86","5,93",1,0,0 / 0,0,0,4,0,2,-
246,Zukanovic,d,ATA,18,"5,94","5,92",0,0,0 / 0,0,0,1,0,4,-
247,Biraschi,d,GEN,6,"6,0","5,92",0,0,0 / 0,0,0,2,0,4,-
248,Helander,d,BOL,11,"5,77","5,91",1,0,0 / 0,0,0,3,0,2,-
249,Lombardi,a,LAZ,11,"5,95","5,91",1,0,0 / 0,0,0,4,0,2,-
250,Hiljemark,c,GEN,26,"5,69","5,90",2,0,0 / 0,0,0,1,0,6,-
251,Rudiger,d,ROM,25,"6,0","5,9",0,0,0 / 0,0,2,7,1,8,-
252,Drame',d,ATA,9,"5,94","5,89",0,0,0 / 0,0,0,1,0,1,-
253,Dimarco,d,EMP,9,"5,83","5,89",0,0,0 / 0,0,1,2,0,2,-
254,Miranda,d,INT,32,"5,98","5,89",0,0,0 / 0,0,0,6,0,8,-
255,Hernanes,c,JUV,9,"5,72","5,89",1,0,0 / 0,0,0,3,0,4,-
256,Badu,c,UDI,28,"5,82","5,89",0,0,0 / 0,0,3,2,0,10,-
257,Ceccherini,d,CRO,35,"5,93","5,89",1,0,0 / 0,0,0,9,0,9,-
258,Krunic,c,EMP,32,"5,84","5,88",2,0,0 / 0,0,0,10,0,7,-
259,Rosi,d,CRO,30,"5,95","5,88",1,0,0 / 0,0,1,12,0,7,-
260,Gnoukouri,c,UDI,4,"5,88","5,88",0,0,0 / 0,0,0,0,0,1,-
261,Sturaro,c,JUV,16,"6,03","5,88",0,0,0 / 0,0,0,5,0,5,-
262,Patric,d,LAZ,16,"5,94","5,88",0,0,0 / 0,0,1,4,0,3,-
263,Paletta,d,MIL,30,"5,93","5,88",2,0,0 / 0,0,1,3,5,7,-
264,Poli,c,MIL,8,"5,94","5,88",0,0,0 / 0,0,0,1,0,1,-
265,Maksimovic,d,NAP,8,"5,56","5,88",1,0,0 / 0,0,0,1,0,2,-
266,Pepe S.,c,PES,8,"5,88","5,88",0,0,0 / 0,0,0,0,0,1,-
267,Donsah,c,BOL,13,"5,81","5,88",0,0,0 / 0,0,2,2,0,5,-
268,Dessena,c,CAG,16,"5,69","5,88",2,0,0 / 0,0,0,4,1,3,-
269,Lirola,d,SAS,21,"5,81","5,88",0,0,0 / 0,0,3,3,0,6,-
270,Bastien,c,CHI,12,"5,62","5,88",1,0,0 / 0,0,0,0,0,5,-
271,Hallfredsson,c,UDI,27,"5,94","5,87",0,0,0 / 0,0,3,10,0,7,-
272,Palladino,a,GEN,31,"5,81","5,87",2,0,1 / 2,0,2,6,0,8,-
273,Calabria,d,MIL,11,"5,91","5,86",0,0,0 / 0,0,1,3,0,4,-
274,Cannavaro,d,SAS,18,"5,75","5,86",1,0,0 / 0,0,0,2,0,5,-
275,Rog,c,NAP,11,"6,05","5,86",0,0,0 / 0,0,0,4,0,5,-
276,Cacciatore,d,CHI,29,"5,86","5,84",1,0,0 / 0,0,1,7,1,6,-
277,Felipe,d,UDI,32,"5,86","5,84",1,0,0 / 0,0,1,9,0,7,-
278,Acosty,a,CRO,9,"5,94","5,83",0,0,0 / 0,0,0,2,0,3,-
279,Tachtsidis,c,CAG,26,"5,77","5,83",0,0,0 / 0,0,4,5,0,8,-
280,Tonev,c,CRO,12,"5,67","5,83",1,0,0 / 0,0,0,2,0,4,-
281,Pisacane,d,CAG,29,"5,81","5,83",1,0,0 / 0,0,1,7,0,7,-
282,Ewandro,a,UDI,3,"5,83","5,83",0,0,0 / 0,0,0,0,0,2,-
283,Miguel Veloso,c,GEN,23,"5,93","5,83",0,0,0 / 0,0,2,7,1,7,-
284,Pesic,a,ATA,3,"5,83","5,83",0,0,0 / 0,0,0,0,0,1,-
285,Okwonkwo,c,BOL,6,"5,75","5,83",0,0,0 / 0,0,1,1,0,3,-
286,Obi,c,TOR,20,"5,85","5,82",0,0,0 / 0,0,1,3,0,4,-
287,Kondogbia,c,INT,24,"5,75","5,81",1,0,0 / 0,0,2,5,1,8,-
288,Neto,p,JUV,8,"6,06","5,81",0,2,0 / 0,0,0,0,0,3,-
289,Isla,d,CAG,34,"5,69","5,81",1,0,0 / 0,0,6,10,0,8,-
290,Brugman,c,PES,26,"5,79","5,81",1,0,0 / 0,0,1,7,0,6,-
291,Castan,d,TOR,13,"5,96","5,81",0,0,0 / 0,0,0,4,0,2,-
292,Heurtaux,d,UDI,8,"5,88","5,81",0,0,0 / 0,0,1,3,0,2,-
293,Budimir,a,SAM,8,"5,81","5,81",0,0,0 / 0,0,0,0,0,3,-
294,Milic,d,FIO,16,"5,75","5,81",0,0,0 / 0,0,3,4,0,5,-
295,Bruno Henrique,c,PAL,32,"5,77","5,81",1,0,0 / 0,0,2,7,0,8,-
296,Costa,d,EMP,25,"5,76","5,8",2,0,0 / 0,0,0,6,0,6,-
297,Konko,d,ATA,10,"5,9","5,8",0,0,0 / 0,0,0,2,0,1,-
298,Penaranda,a,UDI,5,"5,8","5,8",0,0,0 / 0,0,0,0,0,5,-
299,Miangue,d,CAG,5,"5,9","5,8",0,0,0 / 0,0,0,1,0,2,-
300,Depaoli,c,CHI,5,"5,9","5,8",0,0,0 / 0,0,1,1,1,2,-
301,Medel,c,INT,26,"5,88","5,79",0,0,0 / 0,0,0,5,0,6,-
302,Valdifiori,c,TOR,24,"5,90","5,79",0,0,0 / 0,0,0,5,0,5,-
303,Sadiq,a,BOL,7,"5,79","5,79",0,0,0 / 0,0,1,2,0,1,-
304,Nagy,c,BOL,24,"5,88","5,79",0,0,0 / 0,0,0,4,0,4,-
305,Aleesami,d,PAL,31,"5,73","5,79",1,0,0 / 0,0,2,6,0,6,-
306,Cristoforo,c,FIO,14,"5,79","5,79",0,0,0 / 0,0,0,1,0,3,-
307,Bereszynski,d,SAM,12,"5,75","5,79",0,0,0 / 0,0,1,1,0,5,-
308,Montolivo,c,MIL,9,"5,89","5,78",0,0,0 / 0,0,0,2,0,3,-
309,Aquilani,c,SAS,23,"5,74","5,78",1,0,0 / 0,0,1,4,1,6,-
310,Rossettini,d,TOR,30,"5,8","5,77",1,0,0 / 0,0,0,8,0,6,-
311,Cataldi,c,GEN,22,"5,77","5,77",1,0,0 / 0,0,1,8,0,5,-
312,Djuricic,c,SAM,13,"5,81","5,77",0,0,0 / 0,0,1,4,0,4,-
313,Sanchez C,c,FIO,30,"5,77","5,77",1,0,0 / 0,0,0,6,0,5,-
314,Kums,c,UDI,26,"5,79","5,77",0,0,0 / 0,0,1,3,0,6,-
315,Izzo,d,GEN,29,"5,91","5,76",0,0,0 / 0,0,2,5,0,5,-
316,Marcos Alonso,d,FIO,2,"5,75","5,75",0,0,0 / 0,0,0,0,0,13,-
317,Padoin,c,CAG,28,"5,71","5,75",1,0,0 / 0,0,1,6,0,5,-
318,Missiroli,c,SAS,12,"5,88","5,75",0,0,0 / 0,0,0,3,0,5,-
319,Danilo Lar.,d,UDI,36,"5,79","5,75",2,0,0 / 0,0,0,9,1,8,-
320,Gollini,p,ATA,4,"6,12","5,75",0,1,0 / 0,0,0,1,0,4,-
321,Campagnaro,d,PES,18,"5,75","5,75",2,0,0 / 0,0,0,8,0,4,-
322,Memushaj,c,PES,36,"5,82","5,75",1,0,0 / 2,0,2,3,0,8,-
323,Lo Faso,a,PAL,6,"5,75","5,75",0,0,0 / 0,0,0,0,0,1,-
324,Juan Jesus,d,ROM,17,"5,88","5,74",0,0,0 / 0,0,0,5,0,5,-
325,Skriniar,d,SAM,35,"5,83","5,74",0,0,0 / 0,0,0,4,1,7,-
326,Masina,d,BOL,30,"5,77","5,73",1,0,0 / 0,0,0,6,1,5,-
327,Floro Flores,a,CHI,11,"5,73","5,73",0,0,0 / 0,0,0,0,0,5,-
328,Barella,c,CAG,26,"5,88","5,73",0,0,0 / 0,0,1,9,1,6,-
329,Marilungo,a,EMP,18,"5,56","5,72",0,0,0 / 0,0,4,2,0,4,-
330,Pucciarelli,a,EMP,32,"5,53","5,72",3,0,1 / 2,0,1,2,0,7,-
331,Matos,a,UDI,12,"5,71","5,71",0,0,0 / 0,0,0,0,0,3,-
332,Dainelli,d,CHI,26,"5,94","5,71",0,0,0 / 0,0,0,8,0,4,-
333,Radovanovic,c,CHI,33,"5,86","5,71",0,0,0 / 0,0,0,10,0,5,-
334,Hysaj,d,NAP,34,"5,88","5,71",0,0,0 / 0,0,0,8,0,9,-
335,Rodriguez Go,d,FIO,26,"5,79","5,71",1,0,0 / 0,0,0,6,2,7,-
336,Mauri J,c,EMP,14,"5,86","5,71",0,0,0 / 0,0,0,4,0,2,-
337,Regini,d,SAM,34,"5,66","5,71",0,0,0 / 0,0,4,5,0,6,-
338,Peluso,d,SAS,33,"5,77","5,71",1,0,0 / 0,0,1,12,0,6,-
339,Murru,d,CAG,26,"5,73","5,71",0,0,0 / 0,0,1,3,0,6,-
340,Farago',c,CAG,7,"5,79","5,71",0,0,0 / 0,0,0,1,0,4,-
341,De Sciglio,d,MIL,25,"5,78","5,7",0,0,0 / 0,0,0,4,0,5,-
342,Izco,c,CHI,21,"5,67","5,69",0,0,0 / 0,0,1,1,0,5,-
343,Cofie,c,GEN,13,"5,81","5,69",0,0,0 / 0,0,1,5,0,3,-
344,Martella,d,CRO,29,"5,76","5,69",0,0,0 / 0,0,0,4,0,8,-
345,Wallace,d,LAZ,21,"5,71","5,69",1,0,0 / 0,0,0,3,0,5,-
346,Maietta,d,BOL,29,"5,78","5,67",0,0,0 / 0,0,1,8,0,6,-
347,Ibarbo,a,CAG,3,"5,67","5,67",0,0,0 / 0,0,0,0,0,3,-
348,Mesbah,d,CRO,9,"5,72","5,67",0,0,0 / 0,0,0,1,0,1,-
349,Avelar,d,TOR,3,"5,83","5,67",0,0,0 / 0,0,0,1,0,2,-
350,Bruno Alves,d,CAG,36,"5,68","5,67",1,0,0 / 0,0,0,5,1,5,-
351,Vitturini,d,PES,3,"5,67","5,67",0,0,0 / 0,0,0,0,0,1,-
352,Pjaca,a,JUV,9,"5,72","5,67",0,0,0 / 0,0,0,1,0,5,-
353,Beghetto,c,GEN,3,"5,67","5,67",0,0,0 / 0,0,0,0,0,1,-
354,Gazzola,d,SAS,16,"5,69","5,66",0,0,0 / 0,0,1,3,0,3,-
355,Angella,d,UDI,13,"5,69","5,65",1,0,0 / 0,0,0,3,0,5,-
356,Barba,d,EMP,11,"5,77","5,64",0,0,0 / 0,0,0,3,0,2,-
357,Capezzi,c,CRO,21,"5,81","5,64",0,0,0 / 0,0,0,5,1,4,-
358,Hetemaj,c,CHI,23,"5,76","5,63",0,0,0 / 0,0,0,6,0,4,-
359,Murillo,d,INT,26,"5,75","5,63",0,0,0 / 0,0,0,6,0,4,-
360,Olivera M.,d,FIO,15,"5,73","5,63",0,0,0 / 0,0,0,4,0,4,-
361,Crisetig,c,CRO,30,"5,8","5,62",0,0,0 / 0,0,1,11,1,6,-
362,Spolli,d,CHI,20,"5,82","5,62",0,0,0 / 0,0,0,8,0,4,-
363,Santon,d,INT,12,"5,58","5,62",0,0,0 / 0,0,1,1,0,4,-
364,Kishna,c,LAZ,4,"5,62","5,62",0,0,0 / 0,0,0,0,0,2,-
365,Djordjevic,a,LAZ,12,"5,62","5,62",0,0,0 / 0,0,0,0,0,3,-
366,Andelkovic,d,PAL,21,"5,62","5,62",0,0,0 / 0,0,1,3,0,5,-
367,Torosidis,d,BOL,24,"5,65","5,62",1,0,0 / 0,0,0,5,1,6,-
368,Palombo,c,SAM,4,"5,75","5,62",0,0,0 / 0,0,0,1,0,2,-
369,Bovo,d,PES,13,"5,85","5,62",0,0,0 / 0,0,0,6,0,3,-
370,Ansaldi,d,INT,21,"5,81","5,62",0,0,0 / 0,0,1,8,1,5,-
371,Ajeti,d,TOR,4,"5,38","5,62",1,0,0 / 0,0,0,0,0,1,-
372,Giannetti,a,CAG,8,"5,62","5,62",0,0,0 / 0,0,0,0,0,3,-
373,Vangioni,d,MIL,12,"5,79","5,62",0,0,0 / 0,0,0,4,0,4,-
374,Jose' Sosa,c,MIL,17,"5,82","5,62",0,0,0 / 0,0,1,5,2,4,-
375,Diousse',c,EMP,33,"5,80","5,61",0,0,0 / 0,0,0,13,0,5,-
376,Crescenzi,d,PES,19,"5,53","5,61",0,0,0 / 0,0,2,1,0,1,-
377,Frey,d,CHI,15,"5,67","5,6",0,0,0 / 0,0,0,2,0,3,-
378,Gazzi,c,PAL,24,"5,81","5,60",0,0,0 / 0,0,0,6,2,4,-
379,Capuano,d,CAG,10,"5,4","5,6",1,0,0 / 0,0,0,0,1,1,-
380,Embalo,c,PAL,10,"5,5","5,6",0,0,0 / 0,0,1,0,0,2,-
381,Pinilla,a,GEN,11,"5,5","5,59",1,0,1 / 1,0,1,4,1,3,-
382,Burdisso,d,GEN,35,"5,73","5,59",0,0,0 / 0,0,0,10,0,5,-
383,Bellusci,d,EMP,33,"5,73","5,59",1,0,0 / 0,0,0,15,0,5,-
384,Veseli,d,EMP,17,"5,56","5,59",0,0,0 / 0,0,2,3,0,3,-
385,Jajalo,c,PAL,25,"5,52","5,58",1,0,0 / 0,0,1,5,0,3,-
386,Biondini,c,SAS,13,"5,81","5,58",0,0,0 / 0,0,0,6,0,3,-
387,Gomez G,d,MIL,13,"5,73","5,58",0,0,0 / 0,0,0,4,0,3,-
388,Pettinari,a,PES,6,"5,67","5,58",0,0,0 / 0,0,0,1,0,3,-
389,Biraghi,d,PES,35,"5,61","5,57",1,0,1 / 2,0,4,11,0,4,-
390,Gentiletti,d,GEN,15,"5,6","5,57",0,0,0 / 0,0,1,1,1,4,-
391,Zambelli,d,EMP,8,"5,62","5,56",0,0,0 / 0,0,0,1,0,1,-
392,Rizzo,c,BOL,10,"5,55","5,55",0,0,0 / 0,0,0,0,0,2,-
393,Pezzella Giu.,d,PAL,10,"5,6","5,55",0,0,0 / 0,0,0,1,0,1,-
394,Petkovic,a,BOL,10,"5,6","5,55",0,0,0 / 0,0,0,1,0,3,-
395,Adnan,d,UDI,14,"5,61","5,54",0,0,0 / 0,0,0,2,0,2,-
396,Pulgar,c,BOL,24,"5,60","5,54",1,0,0 / 0,0,0,5,2,3,-
397,Cosic,d,EMP,13,"5,58","5,54",0,0,0 / 0,0,0,1,0,1,-
398,Cionek,d,PAL,28,"5,68","5,54",0,0,0 / 0,0,0,8,0,6,-
399,Laurini,d,EMP,24,"5,60","5,52",0,0,0 / 0,0,0,2,1,5,-
400,Verre,c,PES,27,"5,56","5,52",0,0,0 / 0,0,1,2,1,6,-
401,Krafth,d,BOL,25,"5,62","5,52",0,0,0 / 0,0,0,1,2,6,-
402,Oikonomou,d,BOL,17,"5,53","5,5",0,0,0 / 0,0,0,1,0,2,-
403,Cesar,d,CHI,16,"5,59","5,5",1,0,0 / 0,0,0,8,1,4,-
404,Mario Rui,d,ROM,4,"5,62","5,5",0,0,0 / 0,0,0,1,0,1,-
405,Jovetic,a,INT,3,"5,67","5,5",0,0,0 / 0,0,0,1,0,9,-
406,Luiz Adriano,a,MIL,4,"5,5","5,5",0,0,0 / 0,0,0,0,0,5,-
407,Bentivegna,a,PAL,1,"5,5","5,5",0,0,0 / 0,0,0,0,0,1,-
408,Kone,c,UDI,4,"5,62","5,5",0,0,0 / 0,0,0,1,0,3,-
409,Maiello,c,EMP,1,"5,5","5,5",0,0,0 / 0,0,0,0,0,1,-
410,Felipe Melo,c,INT,4,"5,88","5,5",0,0,0 / 0,0,0,1,1,2,-
411,Gnahore',c,CRO,1,"5,5","5,5",0,0,0 / 0,0,0,0,0,1,-
412,Fiamozzi,d,GEN,1,"5,5","5,5",0,0,0 / 0,0,0,0,0,1,-
413,Costa F,d,CHI,1,"5,5","5,5",0,0,0 / 0,0,0,0,0,1,-
414,Zuparic,d,PES,6,"5,58","5,5",0,0,0 / 0,0,0,1,0,2,-
415,Aramu,c,TOR,1,"5,5","5,5",0,0,0 / 0,0,0,0,0,1,-
416,Parigini,a,CHI,1,"5,5","5,5",0,0,0 / 0,0,0,0,0,1,-
417,Lukic,c,TOR,12,"5,75","5,5",0,0,0 / 0,0,0,6,0,1,-
418,Gustafson,c,TOR,5,"5,6","5,5",0,0,0 / 0,0,0,1,0,2,-
419,Morosini,c,GEN,2,"5,5","5,5",0,0,0 / 0,0,0,0,0,1,-
420,Stefan Silva,a,PAL,1,"5,5","5,5",0,0,0 / 0,0,0,0,0,1,-
421,Sainsbury,d,INT,1,"6,0","5,5",0,0,0 / 0,0,0,1,0,1,-
422,Kotnik,c,CRO,1,"5,5","5,5",0,0,0 / 0,0,0,0,0,1,-
423,Sala,c,SAM,20,"5,6","5,48",0,0,0 / 0,0,0,5,0,2,-
424,Bruno,c,PES,15,"5,67","5,47",0,0,0 / 0,0,0,6,0,3,-
425,Gilardino,a,PES,12,"5,5","5,46",0,0,0 / 0,0,0,2,0,5,-
426,Goldaniga,d,PAL,28,"5,54","5,45",2,0,0 / 0,0,0,11,1,6,-
427,Szczesny,p,ROM,38,"6,29","5,45",0,38,0 / 0,2,0,0,0,15,-
428,Salamon,d,CAG,10,"5,5","5,45",0,0,0 / 0,0,0,1,0,3,-
429,Fornasier,d,PES,20,"5,55","5,45",0,0,0 / 0,0,0,4,0,3,-
430,Gastaldello,d,BOL,24,"5,71","5,44",0,0,0 / 0,0,1,11,2,5,-
431,Coulibaly M.,c,PES,8,"5,69","5,44",0,0,0 / 0,0,0,4,0,1,-
432,Nagatomo,d,INT,15,"5,5","5,43",0,0,0 / 0,0,0,2,0,3,-
433,Kastanos,c,PES,7,"5,5","5,43",0,0,0 / 0,0,0,1,0,1,-
434,Raimondi,d,ATA,6,"5,67","5,42",0,0,0 / 0,0,0,3,0,2,-
435,Buchel,c,EMP,13,"5,62","5,42",0,0,0 / 0,0,0,5,0,2,-
436,Gonzalez G,d,PAL,20,"5,55","5,42",1,0,0 / 0,0,0,7,2,3,-
437,Salzano,c,CRO,6,"5,42","5,42",0,0,0 / 0,0,0,0,0,2,-
438,Salcedo,d,FIO,17,"5,56","5,41",0,0,0 / 0,0,1,7,0,2,-
439,Pereira P.,d,SAM,10,"5,65","5,4",0,0,0 / 0,0,0,5,0,3,-
440,Vermaelen,d,ROM,5,"5,5","5,4",0,0,0 / 0,0,0,1,0,1,-
441,Bastos,d,LAZ,10,"5,7","5,4",0,0,0 / 0,0,0,4,1,2,-
442,Cigarini,c,SAM,4,"5,75","5,38",0,0,0 / 0,0,0,3,0,1,-
443,Mounier,c,ATA,8,"5,38","5,38",0,0,0 / 0,0,0,0,0,3,-
444,Carlao,d,TOR,4,"5,5","5,38",0,0,0 / 0,0,0,1,0,1,-
445,Tello,c,EMP,15,"5,53","5,37",0,0,0 / 0,0,0,6,0,1,-
446,Tomovic,d,FIO,25,"5,56","5,36",0,0,0 / 0,0,1,12,0,3,-
447,Donnarumma G.,p,MIL,38,"6,41","5,36",0,45,0 / 0,2,0,2,0,13,-
448,Munari,c,CAG,7,"5,64","5,36",0,0,0 / 0,0,0,5,0,1,-
449,Terranova,d,SAS,3,"5,33","5,33",0,0,0 / 0,0,0,0,0,1,-
450,Vives,c,TOR,3,"5,67","5,33",0,0,0 / 0,0,0,0,1,1,-
451,Wague,d,UDI,6,"5,5","5,33",0,0,0 / 0,0,0,2,0,1,-
452,Deiola,c,CAG,3,"5,67","5,33",0,0,0 / 0,0,0,2,0,1,-
453,Sallai,a,PAL,18,"5,31","5,33",1,0,0 / 0,0,0,3,1,2,-
454,Muntari,c,PES,9,"5,33","5,33",1,0,0 / 0,0,0,4,1,4,-
455,Ceppitelli,d,CAG,19,"5,55","5,32",0,0,0 / 0,0,0,5,0,2,-
456,Vitiello,d,PAL,5,"5,4","5,3",0,0,0 / 0,0,0,1,0,1,-
457,Faraoni,d,UDI,5,"5,5","5,3",0,0,0 / 0,0,0,2,0,1,-
458,Pavlovic D.,d,SAM,9,"5,39","5,28",0,0,0 / 0,0,0,2,0,2,-
459,Buffon,p,JUV,30,"6,08","5,28",0,24,0 / 0,0,0,0,0,13,-
460,Claiton,d,CRO,9,"5,39","5,28",0,0,0 / 0,0,0,2,0,1,-
461,Letschert,d,SAS,9,"5,5","5,28",0,0,0 / 0,0,0,2,1,2,-
462,Palacio,a,INT,11,"5,23","5,27",0,0,0 / 0,0,2,1,0,4,-
463,Balogh N.,a,PAL,11,"5,41","5,27",0,0,0 / 0,0,0,1,1,2,-
464,Floccari,a,BOL,4,"5,25","5,25",0,0,0 / 0,0,0,0,0,3,-
465,Armero,d,UDI,2,"5,5","5,25",0,0,0 / 0,0,0,1,0,2,-
466,Rajkovic,d,PAL,4,"5,5","5,25",0,0,0 / 0,0,0,0,1,1,-
467,Sunjic,d,PAL,4,"5,38","5,25",0,0,0 / 0,0,0,1,0,2,-
468,Stendardo,d,PES,9,"5,28","5,22",0,0,0 / 0,0,0,1,0,1,-
469,Mbaye,d,BOL,14,"5,57","5,21",0,0,0 / 0,0,1,4,0,4,-
470,Dodo' R.,d,SAM,7,"5,21","5,21",0,0,0 / 0,0,0,0,0,1,-
471,Marchetti,p,LAZ,17,"6,15","5,21",0,22,0 / 0,2,0,0,0,5,-
472,Gyomber,d,PES,10,"5,4","5,2",0,0,0 / 0,0,0,4,0,2,-
473,Berisha,p,ATA,26,"6,23","5,19",0,26,0 / 0,0,0,2,0,10,-
474,Dussenne,d,CRO,8,"5,38","5,19",0,0,0 / 0,0,0,1,1,1,-
475,Viviano,p,SAM,17,"6,32","5,18",0,20,0 / 0,1,0,5,0,8,-
476,De Maio,d,FIO,6,"5,25","5,17",0,0,0 / 0,0,0,1,0,2,-
477,Reina,p,NAP,37,"6,09","5,14",0,38,0 / 0,1,0,1,0,14,-
478,Rafael,p,CAG,21,"6,24","5,14",0,32,0 / 0,3,0,0,0,8,-
479,Gabriel Silva,d,UDI,4,"5,38","5,12",0,0,0 / 0,0,0,2,0,1,-
480,Ranocchia,d,INT,5,"5,3","5,1",0,0,0 / 0,0,0,2,0,1,-
481,Paloschi,a,ATA,9,"5,39","5,06",0,0,0 / 1,0,0,0,0,6,-
482,Morganella,d,PAL,9,"5,22","5,06",0,0,0 / 0,0,0,3,0,1,-
483,Perin,p,GEN,16,"6,12","5,03",0,19,0 / 0,1,0,1,1,4,-
484,Ferrari A.,d,BOL,1,"5,0","5,0",0,0,0 / 0,0,0,0,0,1,-
485,Bittante,d,CAG,4,"5,38","5,0",0,0,0 / 0,0,0,3,0,1,-
486,Handanovic,p,INT,37,"6,30","5,0",0,47,0 / 0,1,0,4,0,13,-
487,Bouy,c,PAL,1,"5,5","5,0",0,0,0 / 0,0,0,1,0,1,-
488,Rafael Cabral,p,NAP,1,"6,0","5,0",0,1,0 / 0,0,0,0,0,1,-
489,Audero,p,JUV,1,"6,0","5,0",0,1,0 / 0,0,0,0,0,1,-
490,Cordaz,p,CRO,36,"6,39","5,0",0,54,0 / 0,2,0,2,1,13,-
491,Coda,d,PES,13,"5,27","4,96",0,0,0 / 0,0,0,6,1,1,-
492,Skorupski,p,EMP,35,"6,27","4,93",0,56,0 / 0,4,0,2,0,10,-
493,Consigli,p,SAS,37,"6,26","4,92",0,56,0 / 0,3,0,1,0,13,-
494,Strakosha,p,LAZ,21,"6,05","4,79",0,26,0 / 0,0,0,1,0,5,-
495,Orban L,d,GEN,9,"5,33","4,78",0,0,0 / 0,0,0,4,1,1,-
496,Da Costa,p,BOL,18,"6,22","4,75",0,26,0 / 0,0,0,1,0,4,-
497,Gerson,c,ROM,2,"5,0","4,75",0,0,0 / 0,0,0,1,0,1,-
498,Mirante,p,BOL,21,"6,10","4,71",0,32,0 / 0,1,0,0,0,8,-
499,Sorrentino,p,CHI,34,"6,25","4,71",0,52,0 / 0,0,0,1,0,8,-
500,Karnezis,p,UDI,33,"6,11","4,70",0,45,0 / 0,0,0,3,0,8,-
501,Tatarusanu,p,FIO,35,"6,03","4,57",0,51,0 / 0,0,0,0,0,8,-
502,Festa,p,CRO,2,"6,75","4,5",0,4,0 / 0,0,0,1,0,1,-
503,Fulignati,p,PAL,9,"6,06","4,5",0,14,0 / 0,0,0,0,0,5,-
504,Puggioni,p,SAM,21,"6,07","4,48",0,35,0 / 0,1,0,3,0,4,-
505,Lamanna,p,GEN,21,"5,93","4,45",0,37,0 / 0,2,0,0,0,7,-
506,Fiorillo,p,PES,9,"6,06","4,39",0,15,0 / 0,0,0,0,0,4,-
507,Scuffet,p,UDI,6,"6,17","4,33",0,11,0 / 0,0,0,0,0,2,-
508,Hart,p,TOR,36,"6,07","4,32",0,62,0 / 0,0,0,2,0,6,-
509,Carmona,c,ATA,2,"5,0","4,25",0,0,0 / 0,0,0,1,1,1,-
510,Pelagotti,p,EMP,3,"5,83","4,17",0,5,0 / 0,0,0,0,0,1,-
511,Carrizo,p,INT,1,"6,0","4,0",0,2,0 / 0,0,0,0,0,1,-
512,Padelli,p,TOR,2,"6,0","4,0",0,4,0 / 0,0,0,0,0,1,-
513,Dragowski,p,FIO,1,"6,0","4,0",0,2,0 / 0,0,0,0,0,1,-
514,Sportiello,p,FIO,10,"5,65","3,8",0,18,0 / 0,0,0,1,0,1,-
515,Posavec,p,PAL,29,"5,90","3,71",0,63,0 / 0,0,0,1,0,1,-
516,Seculin,p,CHI,4,"5,88","3,62",0,9,0 / 0,0,0,0,0,2,-
517,Bizzarri,p,PES,29,"5,93","3,55",0,68,0 / 0,0,0,2,0,1,-
518,Storari,p,MIL,15,"5,9","3,4",0,36,0 / 0,0,0,1,1,1,-
519,Gabriel,p,CAG,3,"5,5","3,0",0,7,0 / 0,0,0,1,0,1,-
520,Vargic,p,LAZ,1,"5,5","2,5",0,3,0 / 0,0,0,0,0,1,-
521,Rubinho,p,GEN,2,"4,75","0,75",0,8,0 / 0,0,0,0,0,1,-
522,Pegolo,p,SAS,1,"5,5","0,5",0,5,0 / 0,0,0,0,0,1,-
523,Bassi,p,ATA,0,"0,0","0,0",0,0,0 / 0,0,0,0,0,1,-
524,Brivio,d,GEN,0,"0,0","0,0",0,0,0 / 0,0,0,0,0,1,-
525,Cherubin,d,BOL,0,"0,0","0,0",0,0,0 / 0,0,0,0,0,1,-
526,Suagher,d,ATA,0,"0,0","0,0",0,0,0 / 0,0,0,0,0,1,-
527,Migliaccio,c,ATA,0,"0,0","0,0",0,0,0 / 0,0,0,0,0,1,-
528,Sarr M.,p,BOL,0,"0,0","0,0",0,0,0 / 0,0,0,0,0,1,-
529,Brienza,c,BOL,0,"0,0","0,0",0,0,0 / 0,0,0,0,0,2,-
530,Acquafresca,a,BOL,0,"0,0","0,0",0,0,0 / 0,0,0,0,0,1,-
531,Bubnjic,d,UDI,0,"0,0","0,0",0,0,0 / 0,0,0,0,0,1,-
532,Marrone,c,JUV,0,"0,0","0,0",0,0,0 / 0,0,0,0,0,1,-
533,Bressan,p,CHI,0,"0,0","0,0",0,0,0 / 0,0,0,0,0,1,-
534,Mattiello,d,JUV,0,"0,0","0,0",0,0,0 / 0,0,0,0,0,1,-
535,Sardo,d,CHI,0,"0,0","0,0",0,0,0 / 0,0,0,0,0,1,-
536,Mpoku,a,CHI,0,"0,0","0,0",0,0,0 / 0,0,0,0,0,2,-
537,Pugliesi,p,EMP,0,"0,0","0,0",0,0,0 / 0,0,0,0,0,1,-
538,Sepe,p,NAP,0,"0,0","0,0",0,0,0 / 0,0,0,0,0,1,-
539,Bagadur,d,FIO,0,"0,0","0,0",0,0,0 / 0,0,0,0,0,1,-
540,Gilberto,c,FIO,0,"0,0","0,0",0,0,0 / 0,0,0,0,0,1,-
541,Diakhate,c,FIO,0,"0,0","0,0",0,0,0 / 0,0,0,0,0,1,-
542,Fazzi,c,CRO,0,"0,0","0,0",0,0,0 / 0,0,0,0,0,1,-
543,Rossi,a,FIO,0,"0,0","0,0",0,0,0 / 0,0,0,0,0,15,-
544,Pigliacelli,p,PES,0,"0,0","0,0",0,0,0 / 0,0,0,0,0,1,-
545,Cissokho,d,GEN,0,"0,0","0,0",0,0,0 / 0,0,0,0,0,1,-
546,Marchese,d,GEN,0,"0,0","0,0",0,0,0 / 0,0,0,0,0,1,-
547,Berni,p,INT,0,"0,0","0,0",0,0,0 / 0,0,0,0,0,1,-
548,Biabiany,c,INT,0,"0,0","0,0",0,0,0 / 0,0,0,0,0,1,-
549,Pereyra,c,JUV,0,"0,0","0,0",0,0,0 / 0,0,0,0,0,8,-
550,Pogba,c,JUV,0,"0,0","0,0",0,0,0 / 0,0,0,0,0,21,-
551,Zaza,a,JUV,0,"0,0","0,0",0,0,0 / 0,0,0,0,0,17,-
552,Mauricio,d,LAZ,0,"0,0","0,0",0,0,0 / 0,0,0,0,0,1,-
553,Morrison,c,LAZ,0,"0,0","0,0",0,0,0 / 0,0,0,0,0,1,-
554,Oikonomidis,c,LAZ,0,"0,0","0,0",0,0,0 / 0,0,0,0,0,1,-
555,Diego Lopez,p,MIL,0,"0,0","0,0",0,0,0 / 0,0,0,0,0,1,-
556,Rodrigo Ely,d,MIL,0,"0,0","0,0",0,0,0 / 0,0,0,0,0,1,-
557,Luperto,d,NAP,0,"0,0","0,0",0,0,0 / 0,0,0,0,0,1,-
558,David Lopez,c,NAP,0,"0,0","0,0",0,0,0 / 0,0,0,0,0,3,-
559,Lazaar,d,PAL,0,"0,0","0,0",0,0,0 / 0,0,0,0,0,5,-
560,Struna,d,PAL,0,"0,0","0,0",0,0,0 / 0,0,0,0,0,3,-
561,Lobont,p,ROM,0,"0,0","0,0",0,0,0 / 0,0,0,0,0,1,-
562,Ivan,c,SAM,0,"0,0","0,0",0,0,0 / 0,0,0,0,0,2,-
563,Pomini,p,SAS,0,"0,0","0,0",0,0,0 / 0,0,0,0,0,1,-
564,Ariaudo,d,SAS,0,"0,0","0,0",0,0,0 / 0,0,0,0,0,2,-
565,Fontanesi,d,SAS,0,"0,0","0,0",0,0,0 / 0,0,0,0,0,1,-
566,Laribi,c,SAS,0,"0,0","0,0",0,0,0 / 0,0,0,0,0,2,-
567,Sansone,a,SAS,0,"0,0","0,0",0,0,0 / 0,0,0,0,0,17,-
568,Gomis A,p,BOL,0,"0,0","0,0",0,0,0 / 0,0,0,0,0,5,-
569,Ichazo,p,TOR,0,"0,0","0,0",0,0,0 / 0,0,0,0,0,1,-
570,Gaston Silva,d,TOR,0,"0,0","0,0",0,0,0 / 0,0,0,0,0,2,-
571,Jansson,d,TOR,0,"0,0","0,0",0,0,0 / 0,0,0,0,0,2,-
572,Aguirre,a,UDI,0,"0,0","0,0",0,0,0 / 0,0,0,0,0,1,-
573,Cassano,a,SAM,0,"0,0","0,0",0,0,0 / 0,0,0,0,0,4,-
574,Capel,c,GEN,0,"0,0","0,0",0,0,0 / 0,0,0,0,0,5,-
575,Iniguez,c,UDI,0,"0,0","0,0",0,0,0 / 0,0,0,0,0,2,-
576,Perisan,p,UDI,0,"0,0","0,0",0,0,0 / 0,0,0,0,0,1,-
577,Carbonero,c,SAM,0,"0,0","0,0",0,0,0 / 0,0,0,0,0,2,-
578,Vainqueur,c,ROM,0,"0,0","0,0",0,0,0 / 0,0,0,0,0,3,-
579,Lodi,c,UDI,0,"0,0","0,0",0,0,0 / 0,0,0,0,0,1,-
580,Djimsiti,d,ATA,0,"0,0","0,0",0,0,0 / 0,0,0,0,0,2,-
581,Marson,p,PAL,0,"0,0","0,0",0,0,0 / 0,0,0,0,0,1,-
582,Mazzini,p,ATA,0,"0,0","0,0",0,0,0 / 0,0,0,0,0,1,-
583,Boldor,d,BOL,0,"0,0","0,0",0,0,0 / 0,0,0,0,0,1,-
584,Carboni W,p,CAG,0,"0,0","0,0",0,0,0 / 0,0,0,0,0,1,-
585,Colombo R.,p,CAG,0,"0,0","0,0",0,0,0 / 0,0,0,0,0,1,-
586,Krajnc,d,SAM,0,"0,0","0,0",0,0,0 / 0,0,0,0,0,1,-
587,Pajac,c,CAG,0,"0,0","0,0",0,0,0 / 0,0,0,0,0,1,-
588,Victor Da Silva,c,CHI,0,"0,0","0,0",0,0,0 / 0,0,0,0,0,1,-
589,Zampano G,d,CRO,0,"0,0","0,0",0,0,0 / 0,0,0,0,0,1,-
590,Di Roberto,c,CRO,0,"0,0","0,0",0,0,0 / 0,0,0,0,0,4,-
591,Mazzarani,c,CRO,0,"0,0","0,0",0,0,0 / 0,0,0,0,0,3,-
592,De Giorgio,a,CRO,0,"0,0","0,0",0,0,0 / 0,0,0,0,0,1,-
593,Torromino,a,CRO,0,"0,0","0,0",0,0,0 / 0,0,0,0,0,1,-
594,Matheus Pereira,c,JUV,0,"0,0","0,0",0,0,0 / 0,0,0,0,0,1,-
595,Diks,d,FIO,0,"0,0","0,0",0,0,0 / 0,0,0,0,0,1,-
596,Zima L.,p,GEN,0,"0,0","0,0",0,0,0 / 0,0,0,0,0,1,-
597,Renzetti,d,GEN,0,"0,0","0,0",0,0,0 / 0,0,0,0,0,2,-
598,Erkin,d,INT,0,"0,0","0,0",0,0,0 / 0,0,0,0,0,3,-
599,Yao,d,INT,0,"0,0","0,0",0,0,0 / 0,0,0,0,0,1,-
600,Mandragora,c,JUV,0,"0,0","0,0",0,0,0 / 0,0,0,0,0,1,-
601,Minala,c,LAZ,0,"0,0","0,0",0,0,0 / 0,0,0,0,0,1,-
602,Aldegani,p,PES,0,"0,0","0,0",0,0,0 / 0,0,0,0,0,1,-
603,Aresti,p,PES,0,"0,0","0,0",0,0,0 / 0,0,0,0,0,1,-
604,Mazzotta,d,PES,0,"0,0","0,0",0,0,0 / 0,0,0,0,0,1,-
605,Selasi,c,PES,0,"0,0","0,0",0,0,0 / 0,0,0,0,0,1,-
606,Nicastro,a,PES,0,"0,0","0,0",0,0,0 / 0,0,0,0,0,1,-
607,Alisson,p,ROM,0,"0,0","0,0",0,0,0 / 0,0,0,0,0,1,-
608,Seck M.,d,ROM,0,"0,0","0,0",0,0,0 / 0,0,0,0,0,1,-
609,Tozzo,p,SAM,0,"0,0","0,0",0,0,0 / 0,0,0,0,0,1,-
610,Eramo,c,SAM,0,"0,0","0,0",0,0,0 / 0,0,0,0,0,1,-
611,Sbrissa,c,SAS,0,"0,0","0,0",0,0,0 / 0,0,0,0,0,1,-
612,Musavu-King,d,UDI,0,"0,0","0,0",0,0,0 / 0,0,0,0,0,1,-
613,Harbaoui,a,UDI,0,"0,0","0,0",0,0,0 / 0,0,0,0,0,2,-
614,Cinelli,c,CHI,0,"0,0","0,0",0,0,0 / 0,0,0,0,0,1,-
615,Toledo,c,FIO,0,"0,0","0,0",0,0,0 / 0,0,0,0,0,1,-
616,Jallow,a,CHI,0,"0,0","0,0",0,0,0 / 0,0,0,0,0,1,-
617,Leitner,c,LAZ,0,"0,0","0,0",0,0,0 / 0,0,0,0,0,1,-
618,Amuzie,d,SAM,0,"0,0","0,0",0,0,0 / 0,0,0,0,0,1,-
619,Cojocaru,p,CRO,0,"0,0","0,0",0,0,0 / 0,0,0,0,0,1,-
620,Plizzari,p,MIL,0,"0,0","0,0",0,0,0 / 0,0,0,0,0,1,-
621,Coppola D,p,TOR,0,"0,0","0,0",0,0,0 / 0,0,0,0,0,1,-
622,Cucchietti,p,TOR,0,"0,0","0,0",0,0,0 / 0,0,0,0,0,1,-
623,Cubas,c,PES,0,"0,0","0,0",0,0,0 / 0,0,0,0,0,1,-
624,Satalino,p,FIO,0,"0,0","0,0",0,0,0 / 0,0,0,0,0,1,-
625,Simic L,d,SAM,0,"0,0","0,0",0,0,0 / 0,0,0,0,0,1,-
626,Ranegie,a,UDI,0,"0,0","0,0",0,0,0 / 0,0,0,0,0,1,-
627,Valencia Jm,c,BOL,0,"0,0","0,0",0,0,0 / 0,0,0,0,0,1,-
628,Falcone,p,SAM,0,"0,0","0,0",0,0,0 / 0,0,0,0,0,1,-
629,Scamacca,a,SAS,0,"0,0","0,0",0,0,0 / 0,0,0,0,0,1,-
