,Calciatore,Ruolo,Squadra,Partite Giocate,MV,FM,Gol,Gol Subiti,Rigori,Rigori Parati,Assist,Ammonizioni,Espulsioni,QA,ExpectedCost_1000,Classifica
0,Volpato,c,ROM,1,"7,0","10,0",1,0,0 / 0,0,0,0,0,1,-,5
1,Cisse' M.,a,ATA,1,"7,0","10,0",1,0,0 / 0,0,0,0,0,2,-,1
2,Forestieri,a,UDI,3,"6,83","9,0",2,0,0 / 0,0,1,1,0,7,-,4
3,Immobile,a,LAZ,31,"6,53","8,95",27,0,7 / 9,0,2,4,0,44,-,9
4,Berardi,a,SAS,33,"6,67","8,29",15,0,6 / 6,0,13,9,0,38,-,12
5,Vlahovic,a,JUV,36,"6,35","8,29",24,0,5 / 6,0,3,4,0,38,-,7
6,Bove,c,ROM,2,"6,5","8,0",1,0,0 / 0,0,0,0,0,2,-,5
7,Martinez L.,a,INT,33,"6,33","7,97",21,0,3 / 6,0,3,6,0,34,-,8
8,Osimhen,a,NAP,27,"6,44","7,94",14,0,0 / 0,0,2,5,1,33,-,2
9,Mertens,a,NAP,24,"6,46","7,85",11,0,1 / 1,0,1,2,0,31,-,2
10,Rafael Leao,a,MIL,34,"6,59","7,79",11,0,0 / 0,0,10,4,0,32,-,3
11,Zapata D.,a,ATA,24,"6,40","7,75",10,0,3 / 3,0,4,3,0,29,-,1
12,Caprari,a,VER,34,"6,5","7,71",12,0,2 / 2,0,7,4,0,30,-,13
13,Deulofeu,a,UDI,34,"6,47","7,63",13,0,1 / 1,0,5,9,0,30,-,4
14,Abraham,a,ROM,37,"6,26","7,62",17,0,3 / 3,0,4,9,0,29,-,5
15,Scamacca,a,SAS,32,"6,17","7,56",16,0,1 / 1,0,0,7,0,30,-,12
16,Simeone,a,VER,35,"6,17","7,54",17,0,0 / 1,0,4,8,0,29,-,13
17,Dzeko,a,INT,35,"6,27","7,53",13,0,0 / 0,0,6,2,0,28,-,8
18,Muriel,a,ATA,26,"6,19","7,52",9,0,2 / 2,0,8,1,0,29,-,1
19,Pasalic,c,ATA,33,"6,20","7,52",13,0,0 / 0,0,6,3,0,28,-,1
20,Barak,c,VER,29,"6,34","7,52",11,0,4 / 4,0,3,4,0,26,-,13
21,Milinkovic-Savic,c,LAZ,37,"6,43","7,51",11,0,0 / 0,0,10,4,1,30,-,9
22,Ibrahimovic,a,MIL,18,"6,39","7,5",8,0,0 / 1,0,2,2,0,23,-,3
23,Arnautovic,a,BOL,32,"6,31","7,47",14,0,2 / 3,0,1,6,0,26,-,16
24,Dybala,a,JUV,28,"6,32","7,41",10,0,1 / 2,0,5,3,0,27,-,7
25,Giroud,a,MIL,29,"6,16","7,33",11,0,2 / 2,0,3,4,0,28,-,3
26,Gabbiadini,a,SAM,16,"6,16","7,31",6,0,0 / 0,0,2,3,0,14,-,18
27,Belotti,a,TOR,22,"6,18","7,30",8,0,3 / 3,0,1,1,0,24,-,6
28,Perisic,c,INT,35,"6,5","7,3",8,0,1 / 1,0,6,4,0,25,-,8
29,Santander,a,BOL,2,"6,0","7,25",1,0,0 / 0,0,0,1,0,2,-,16
30,Beto,a,UDI,28,"6,07","7,23",11,0,0 / 0,0,0,1,0,20,-,4
31,Pellegrini Lo.,c,ROM,27,"6,35","7,20",9,0,2 / 3,0,3,6,1,23,-,5
32,Insigne,a,NAP,32,"6,31","7,19",11,0,9 / 13,0,8,2,0,24,-,2
33,Verdi,c,SAL,17,"6,12","7,12",6,0,1 / 1,0,0,3,0,21,-,10
34,Pinamonti,a,EMP,36,"6,07","7,12",13,0,4 / 4,0,1,4,0,24,-,15
35,Calhanoglu,c,INT,33,"6,27","7,11",7,0,3 / 3,0,12,11,0,25,-,8
36,Ruiz,c,NAP,31,"6,32","7,10",7,0,0 / 0,0,4,2,0,24,-,2
37,Pedro,a,LAZ,32,"6,20","7,09",9,0,0 / 0,0,4,5,0,23,-,9
38,Bonazzoli,a,SAL,31,"6,21","7,08",10,0,2 / 2,0,0,6,0,22,-,10
39,Gonzalez N.,a,FIO,33,"6,30","7,06",7,0,3 / 3,0,6,2,1,23,-,11
40,Joao Pedro,a,CAG,37,"6,05","7,01",13,0,3 / 4,0,4,9,0,24,-,
41,Maldini,c,MIL,3,"6,17","7,0",1,0,0 / 0,0,0,1,0,1,-,3
42,Verde,a,SPE,33,"6,20","6,98",8,0,1 / 2,0,6,2,0,23,-,14
43,Traore' Hj.,c,SAS,28,"6,23","6,96",7,0,0 / 0,0,1,3,0,20,-,12
44,Barella,c,INT,36,"6,49","6,92",3,0,0 / 0,0,11,9,0,23,-,8
45,Destro,a,GEN,27,"5,93","6,89",9,0,0 / 0,0,1,4,0,23,-,
46,Candreva,c,SAM,36,"6,21","6,88",7,0,1 / 2,0,10,6,1,21,-,18
47,Zaccagni,c,LAZ,30,"6,25","6,88",6,0,1 / 1,0,4,6,0,23,-,9
48,Kalinic,a,VER,13,"6,08","6,88",4,0,0 / 0,0,1,3,1,14,-,13
49,Raspadori,a,SAS,36,"6,06","6,88",10,0,0 / 0,0,4,7,1,20,-,12
50,Sabiri,c,SAM,13,"6,15","6,88",3,0,0 / 0,0,2,3,0,10,-,18
51,Brekalo,a,TOR,31,"6,15","6,87",7,0,0 / 0,0,2,1,0,21,-,6
52,Morata,a,JUV,35,"6,03","6,84",9,0,1 / 1,0,4,5,0,20,-,7
53,Sanchez,a,INT,22,"6,07","6,84",5,0,0 / 0,0,2,0,0,17,-,8
54,Mkhitaryan,c,ROM,31,"6,23","6,84",5,0,0 / 0,0,6,2,1,19,-,5
55,Jovane,a,LAZ,3,"5,83","6,83",1,0,0 / 0,0,0,0,0,7,-,9
56,Ilicic,a,ATA,17,"6,32","6,82",3,0,0 / 1,0,3,1,0,13,-,1
57,Chiesa,c,JUV,14,"6,25","6,82",2,0,0 / 0,0,2,0,0,14,-,7
58,Bajrami,c,EMP,34,"6,19","6,82",6,0,3 / 3,0,5,3,0,22,-,15
59,Orsolini,c,BOL,26,"6,04","6,81",6,0,2 / 2,0,3,2,0,17,-,16
60,Sanabria,a,TOR,25,"6,1","6,8",6,0,0 / 0,0,1,3,0,16,-,6
61,Djuricic,c,SAS,10,"6,15","6,8",2,0,0 / 0,0,1,1,0,8,-,12
62,Caputo,a,SAM,38,"5,89","6,78",11,0,0 / 1,0,4,1,0,20,-,18
63,Tonali,c,MIL,34,"6,41","6,78",5,0,0 / 0,0,2,9,0,19,-,3
64,Dumfries,d,INT,32,"6,23","6,78",5,0,0 / 0,0,4,3,0,18,-,8
65,Correa,a,INT,26,"6,08","6,77",6,0,0 / 0,0,1,2,0,18,-,8
66,Luis Alberto,c,LAZ,34,"6,10","6,76",5,0,0 / 0,0,10,5,0,19,-,9
67,Saponara,c,FIO,24,"6,27","6,75",3,0,0 / 0,0,3,1,0,18,-,11
68,Nestorovski,a,UDI,4,"6,0","6,75",1,0,0 / 0,0,0,1,0,7,-,4
69,Zielinski,c,NAP,34,"6,07","6,74",6,0,0 / 0,0,5,1,0,20,-,2
70,Aramu,c,VEN,32,"6,11","6,73",7,0,3 / 4,0,5,6,0,20,-,
71,Barrow,a,BOL,33,"6,0","6,73",6,0,0 / 0,0,6,0,0,21,-,16
72,Bonucci,d,JUV,23,"6,09","6,72",5,0,3 / 3,0,0,1,0,15,-,7
73,Lozano,a,NAP,29,"6,09","6,72",5,0,0 / 0,0,5,3,0,18,-,2
74,Petagna,a,NAP,14,"6,04","6,71",3,0,0 / 0,0,1,1,0,10,-,2
75,Samardzic,c,UDI,13,"6,08","6,69",2,0,0 / 0,0,2,0,0,14,-,4
76,Criscito,d,GEN,20,"5,98","6,68",6,0,6 / 7,0,1,4,0,13,-,
77,Henry,a,VEN,31,"5,97","6,68",9,0,0 / 0,0,2,4,1,16,-,
78,Success,a,UDI,19,"6,13","6,68",2,0,0 / 0,0,6,1,1,18,-,4
79,Felipe Anderson,c,LAZ,38,"6,01","6,67",6,0,0 / 0,0,8,2,0,21,-,9
80,Koulibaly,d,NAP,27,"6,41","6,65",3,0,0 / 0,0,1,5,1,17,-,2
81,Pereiro,c,CAG,18,"5,86","6,64",4,0,0 / 0,0,2,1,0,15,-,
82,Malinovskyi,c,ATA,30,"6,03","6,63",6,0,0 / 0,0,5,10,0,19,-,1
83,Molina N.,d,UDI,35,"6,07","6,63",7,0,0 / 0,0,2,5,1,16,-,4
84,Bremer,d,TOR,33,"6,42","6,62",3,0,0 / 0,0,1,7,0,18,-,6
85,Zurkowski,c,EMP,33,"6,09","6,62",6,0,0 / 0,0,2,5,0,17,-,15
86,Shomurodov,a,ROM,20,"6,0","6,62",3,0,0 / 0,0,4,2,0,14,-,5
87,Hernandez T.,d,MIL,32,"6,22","6,61",5,0,1 / 2,0,5,5,2,19,-,3
88,Tameze,c,VER,36,"6,28","6,61",4,0,0 / 0,0,2,4,0,18,-,13
89,Di Francesco F.,a,EMP,25,"6,04","6,6",5,0,0 / 0,0,0,2,0,16,-,15
90,Lukic,c,TOR,35,"6,2","6,6",5,0,3 / 3,0,4,10,0,14,-,6
91,Koopmeiners,c,ATA,28,"6,27","6,59",4,0,0 / 0,0,1,4,0,18,-,1
92,Coulibaly M.,c,SAL,12,"6,12","6,58",2,0,0 / 0,0,0,1,0,8,-,10
93,Gagliardini,c,INT,15,"6,1","6,57",2,0,0 / 0,0,2,2,0,11,-,8
94,Torreira,c,FIO,30,"6,2","6,57",5,0,0 / 0,0,1,8,1,15,-,11
95,Cuadrado,d,JUV,32,"6,23","6,56",4,0,0 / 0,0,3,9,0,18,-,7
96,Messias,c,MIL,26,"5,94","6,56",5,0,0 / 0,0,2,2,0,16,-,3
97,Pobega,c,TOR,31,"6,31","6,55",4,0,0 / 0,0,1,11,0,17,-,6
98,Smalling,d,ROM,25,"6,26","6,54",3,0,0 / 0,0,0,0,0,14,-,5
99,Djuric,a,SAL,32,"6,03","6,53",5,0,1 / 1,0,4,6,0,15,-,10
100,Faraoni,d,VER,32,"6,11","6,52",4,0,0 / 0,0,5,6,1,16,-,13
101,Kessie',c,MIL,30,"6,05","6,52",6,0,2 / 3,0,0,2,0,17,-,3
102,De Ligt,d,JUV,31,"6,26","6,52",3,0,0 / 0,0,1,2,1,14,-,7
103,Okereke,a,VEN,29,"5,91","6,52",7,0,0 / 0,0,0,5,1,14,-,
104,Conti,d,SAM,4,"5,88","6,5",1,0,0 / 0,0,0,1,0,5,-,18
105,Brozovic,c,INT,35,"6,4","6,5",2,0,0 / 0,0,1,7,0,15,-,8
106,Fares,d,TOR,9,"5,83","6,5",2,0,0 / 0,0,1,2,0,4,-,6
107,Caicedo,a,INT,9,"6,0","6,5",1,0,0 / 0,0,2,1,0,8,-,8
108,Okaka,a,UDI,1,"6,5","6,5",0,0,0 / 0,0,0,1,0,12,-,4
109,Rrahmani,d,NAP,33,"6,21","6,5",4,0,0 / 0,0,0,5,0,17,-,2
110,La Mantia,a,EMP,13,"6,04","6,5",2,0,0 / 0,0,0,0,0,11,-,15
111,Elmas,c,NAP,32,"6,12","6,5",3,0,0 / 0,0,4,3,0,14,-,2
112,Gemello,p,TOR,1,"6,5","6,5",0,0,0 / 0,0,0,0,0,1,-,6
113,Mckennie,c,JUV,19,"6,05","6,5",3,0,0 / 0,0,0,1,0,12,-,7
114,Udogie,d,UDI,34,"6,03","6,5",5,0,0 / 0,0,3,4,0,14,-,4
115,Cancellieri,a,VER,5,"6,0","6,5",1,0,0 / 0,0,0,1,0,5,-,13
116,Bertola,d,SPE,1,"6,5","6,5",0,0,0 / 0,0,0,0,0,1,-,14
117,Calabria,d,MIL,26,"6,21","6,48",2,0,0 / 0,0,2,2,0,15,-,3
118,Politano,a,NAP,31,"6,11","6,48",3,0,0 / 0,0,4,3,0,14,-,2
119,Lobotka,c,NAP,21,"6,38","6,48",1,0,0 / 0,0,0,2,0,12,-,2
120,Lazovic,c,VER,34,"6,21","6,47",1,0,0 / 0,0,7,2,0,15,-,13
121,Skriniar,d,INT,35,"6,26","6,47",3,0,0 / 0,0,0,3,0,16,-,8
122,Mari',d,UDI,15,"6,17","6,47",2,0,0 / 0,0,0,1,1,12,-,4
123,Kean,a,JUV,25,"5,86","6,46",5,0,0 / 0,0,2,5,0,14,-,7
124,Kalulu,d,MIL,24,"6,33","6,46",1,0,0 / 0,0,2,4,0,14,-,3
125,Cabral,a,FIO,12,"5,92","6,46",2,0,0 / 0,0,1,1,0,19,-,11
126,Bonaventura,c,FIO,31,"6,06","6,45",4,0,0 / 0,0,4,6,1,15,-,11
127,Frattesi,c,SAS,36,"6,17","6,44",4,0,0 / 0,0,3,6,0,14,-,12
128,Locatelli,c,JUV,29,"6,12","6,43",3,0,0 / 0,0,3,6,0,14,-,7
129,Veretout,c,ROM,35,"6,03","6,43",4,0,1 / 2,0,8,6,0,16,-,5
130,Dimarco,d,INT,25,"6,2","6,42",2,0,0 / 1,0,3,1,0,11,-,8
131,Miranchuk,c,ATA,18,"5,86","6,42",2,0,0 / 0,0,4,0,0,10,-,1
132,Bennacer,c,MIL,29,"6,28","6,41",2,0,0 / 0,0,1,7,0,13,-,3
133,Singo,d,TOR,35,"6,14","6,41",3,0,0 / 0,0,4,5,1,15,-,6
134,Pussetto,a,UDI,25,"5,9","6,4",4,0,1 / 1,0,2,4,0,12,-,4
135,Ederson D.s.,c,SAL,15,"6,1","6,4",2,0,0 / 0,0,1,5,0,10,-,10
136,Praet,c,TOR,23,"6,11","6,39",2,0,0 / 0,0,2,3,0,11,-,6
137,D'ambrosio,d,INT,16,"6,19","6,38",1,0,0 / 0,0,1,2,0,13,-,8
138,Florenzi,d,MIL,20,"6,1","6,38",2,0,0 / 0,0,0,2,0,9,-,3
139,Bastoni S.,d,SPE,29,"6,09","6,38",3,0,0 / 0,0,3,5,1,12,-,14
140,Darmian,d,INT,23,"6,15","6,37",2,0,0 / 0,0,1,4,0,11,-,8
141,Kulusevski,c,JUV,15,"6,0","6,37",1,0,0 / 0,0,3,1,0,11,-,7
142,Rebic,a,MIL,22,"6,05","6,36",2,0,0 / 0,0,2,2,0,13,-,3
143,Gosens,d,INT,11,"6,14","6,36",1,0,0 / 0,0,1,3,0,12,-,8
144,Sottil,c,FIO,22,"5,95","6,36",3,0,0 / 0,0,2,2,1,11,-,11
145,Di Lorenzo,d,NAP,33,"6,18","6,35",1,0,0 / 0,0,4,3,0,14,-,2
146,Bastoni,d,INT,31,"6,24","6,34",1,0,0 / 0,0,2,4,0,12,-,8
147,Agudelo,c,SPE,23,"5,96","6,33",3,0,0 / 0,0,1,1,1,11,-,14
148,Lazzari,d,LAZ,28,"5,95","6,32",3,0,0 / 0,0,3,3,0,11,-,9
149,Stulac,c,EMP,21,"5,95","6,31",2,0,0 / 0,0,2,1,0,9,-,15
150,Pjaca,a,TOR,20,"5,85","6,3",3,0,0 / 0,0,0,0,0,10,-,6
151,Zambo Anguissa,c,NAP,23,"6,37","6,30",0,0,0 / 0,0,1,5,0,10,-,2
152,Diaz B.,c,MIL,29,"5,95","6,29",3,0,0 / 0,0,3,4,0,14,-,3
153,Hickey,d,BOL,36,"5,94","6,29",5,0,0 / 0,0,1,7,0,10,-,16
154,Pereyra,c,UDI,23,"6,02","6,28",3,0,1 / 2,0,5,8,1,13,-,4
155,Piatek,a,FIO,13,"5,81","6,27",3,0,0 / 1,0,0,0,0,12,-,11
156,Tomori,d,MIL,31,"6,34","6,27",0,0,0 / 0,0,0,4,0,12,-,3
157,Scalvini,d,ATA,13,"6,08","6,27",1,0,0 / 0,0,0,1,0,9,-,1
158,De Sciglio,d,JUV,17,"6,09","6,26",1,0,0 / 0,0,2,2,1,9,-,7
159,Acerbi,d,LAZ,29,"5,90","6,26",4,0,0 / 0,0,0,1,1,12,-,9
160,Sansone,a,BOL,23,"5,98","6,26",2,0,0 / 0,0,3,6,0,8,-,16
161,Keita B.,a,CAG,20,"5,8","6,25",3,0,0 / 0,0,1,2,0,9,-,
162,El Shaarawy,a,ROM,24,"5,90","6,25",3,0,0 / 0,0,0,1,0,10,-,5
163,Bourabia,c,SPE,8,"5,94","6,25",1,0,0 / 0,0,0,1,0,3,-,14
164,Warming,a,TOR,2,"6,25","6,25",0,0,0 / 0,0,0,0,0,2,-,6
165,De Silvestri,d,BOL,31,"6,0","6,24",3,0,0 / 0,0,2,7,0,12,-,16
166,De Roon,c,ATA,30,"6,05","6,23",3,0,0 / 0,0,0,5,1,10,-,1
167,Pavoletti,a,CAG,28,"5,80","6,23",5,0,0 / 0,0,1,9,0,12,-,
168,Ansaldi,d,TOR,15,"6,1","6,23",0,0,0 / 0,0,3,2,0,8,-,6
169,Cutrone,a,EMP,24,"5,88","6,23",3,0,0 / 0,0,0,1,0,9,-,15
170,Svanberg,c,BOL,35,"5,99","6,23",3,0,0 / 0,0,3,7,0,13,-,16
171,Quagliarella,a,SAM,30,"5,78","6,22",4,0,1 / 1,0,2,2,0,12,-,18
172,Zakaria,c,JUV,9,"5,83","6,22",1,0,0 / 0,0,1,1,0,11,-,7
173,Asllani,c,EMP,18,"6,06","6,22",1,0,0 / 0,0,1,2,0,9,-,15
174,Danilo,d,JUV,21,"6,12","6,21",1,0,0 / 0,0,2,6,0,9,-,7
175,Vecino,c,INT,10,"5,95","6,2",1,0,0 / 0,0,0,2,0,4,-,8
176,Pellegri,a,TOR,10,"5,95","6,2",1,0,0 / 0,0,0,1,0,6,-,6
177,Lasagna,a,VER,26,"5,87","6,19",2,0,0 / 0,0,3,1,0,11,-,13
178,Zappacosta,d,ATA,31,"6,03","6,19",1,0,0 / 0,0,5,6,0,13,-,1
179,Nuytinck,d,UDI,26,"6,08","6,19",1,0,0 / 0,0,1,2,0,8,-,4
180,Crnigoj,c,VEN,32,"5,92","6,19",3,0,0 / 0,0,1,3,0,11,-,
181,Juan Jesus,d,NAP,14,"6,14","6,18",1,0,0 / 0,0,0,1,0,5,-,2
182,Carles Perez,a,ROM,14,"5,96","6,18",1,0,0 / 0,0,1,2,0,6,-,5
183,Krunic,c,MIL,23,"6,15","6,17",0,0,0 / 0,0,1,2,0,9,-,3
184,Maleh,c,FIO,23,"5,98","6,17",2,0,0 / 0,0,1,5,0,11,-,11
185,Chiellini,d,JUV,19,"6,21","6,16",0,0,0 / 0,0,0,2,0,7,-,7
186,Duncan,c,FIO,31,"5,95","6,16",2,0,0 / 0,0,2,3,0,10,-,11
187,Henderson L.,c,EMP,32,"5,94","6,16",2,0,0 / 0,0,3,4,0,10,-,15
188,Rovella,c,GEN,20,"6,12","6,15",0,0,0 / 0,0,3,5,0,7,-,
189,Lopez M.,c,SAS,34,"6,13","6,15",2,0,0 / 0,0,1,14,0,11,-,12
190,Maggiore,c,SPE,35,"6,01","6,14",2,0,0 / 0,0,3,9,0,12,-,14
191,Mancuso,a,EMP,7,"5,71","6,14",1,0,0 / 0,0,0,0,0,6,-,15
192,Castrovilli,c,FIO,23,"6,04","6,13",1,0,0 / 0,0,1,4,0,8,-,11
193,Vidal,c,INT,24,"6,0","6,12",1,0,0 / 0,0,1,3,0,10,-,8
194,Demiral,d,ATA,25,"6,08","6,12",1,0,0 / 0,0,2,8,0,8,-,1
195,Schouten,c,BOL,17,"6,0","6,12",1,0,0 / 0,0,1,2,1,9,-,16
196,Saelemaekers,c,MIL,34,"5,97","6,12",1,0,0 / 0,0,3,2,0,11,-,3
197,Gyasi,a,SPE,36,"5,82","6,12",6,0,0 / 0,0,0,10,0,10,-,14
198,Cambiaso,d,GEN,25,"5,94","6,12",1,0,0 / 0,0,4,3,1,8,-,
199,Podgoreanu,a,SPE,4,"5,88","6,12",0,0,0 / 0,0,1,0,0,2,-,14
200,Oliveira,c,ROM,13,"5,85","6,12",2,0,1 / 1,0,0,5,0,12,-,5
201,Mikael,a,SAL,4,"6,12","6,12",0,0,0 / 0,0,0,0,0,5,-,10
202,Toloi,d,ATA,19,"6,05","6,11",1,0,0 / 0,0,1,6,0,6,-,1
203,Rodrigo Becao,d,UDI,35,"6,06","6,11",2,0,0 / 0,0,1,10,0,10,-,4
204,Dominguez,c,BOL,27,"6,15","6,11",0,0,0 / 0,0,3,8,0,7,-,16
205,Nzola,a,SPE,18,"5,78","6,11",2,0,0 / 0,0,1,2,0,6,-,14
206,Ricci S.,c,TOR,30,"6,03","6,1",1,0,0 / 0,0,1,2,1,7,-,6
207,Theate,d,BOL,30,"5,97","6,1",2,0,0 / 0,0,1,6,0,10,-,16
208,Mario Rui,d,NAP,34,"6,04","6,09",0,0,0 / 0,0,5,7,0,11,-,2
209,Biraghi,d,FIO,37,"5,95","6,09",4,0,1 / 2,0,1,3,1,11,-,11
210,Palomino,d,ATA,33,"6,14","6,09",1,0,0 / 0,0,0,9,0,11,-,1
211,Mandragora,c,TOR,18,"6,17","6,08",0,0,0 / 0,0,2,5,1,6,-,6
212,Ibanez,d,ROM,32,"5,92","6,08",3,0,0 / 0,0,0,9,0,9,-,5
213,Amrabat,c,FIO,18,"6,06","6,08",1,0,0 / 0,0,0,6,0,8,-,11
214,Forte,a,VEN,6,"5,75","6,08",1,0,0 / 0,0,0,3,0,4,-,
215,Terzic,d,FIO,7,"6,0","6,07",0,0,0 / 0,0,1,1,0,2,-,11
216,Ikone',c,FIO,15,"5,83","6,07",1,0,0 / 0,0,1,1,0,12,-,11
217,Defrel,a,SAS,31,"5,84","6,06",2,0,0 / 0,0,2,3,0,9,-,12
218,Piccoli,a,GEN,8,"5,69","6,06",1,0,0 / 0,0,0,0,0,4,-,
219,Moro,a,LAZ,8,"5,94","6,06",0,0,0 / 0,0,1,0,0,1,-,9
220,Altare,d,CAG,18,"6,03","6,06",1,0,0 / 0,0,0,5,0,7,-,
221,Cataldi,c,LAZ,30,"6,0","6,05",1,0,0 / 0,0,2,7,0,10,-,9
222,Manaj,a,SPE,29,"5,79","6,05",5,0,2 / 3,0,0,9,0,10,-,14
223,Erlic,d,SPE,30,"5,93","6,05",2,0,0 / 0,0,0,5,0,9,-,14
224,Vojvoda,d,TOR,29,"6,0","6,05",0,0,0 / 0,0,3,3,0,10,-,6
225,Pessina,c,ATA,24,"5,88","6,04",1,0,0 / 0,0,1,0,0,8,-,1
226,Amiri,c,GEN,12,"5,96","6,04",0,0,0 / 0,0,1,0,0,10,-,
227,Demme,c,NAP,13,"5,96","6,04",1,0,0 / 0,0,0,4,0,4,-,2
228,Gondo,a,SAL,14,"5,86","6,04",1,0,0 / 0,0,0,1,0,8,-,10
229,Makengo,c,UDI,33,"5,95","6,03",1,0,0 / 0,0,3,5,1,9,-,4
230,Bernardeschi,c,JUV,27,"5,89","6,02",1,0,0 / 0,0,3,5,0,7,-,7
231,Rodriguez R.,d,TOR,32,"6,03","6,02",0,0,0 / 0,0,1,3,0,7,-,6
232,Ribery,a,SAL,23,"6,0","6,02",0,0,0 / 0,0,2,3,0,9,-,10
233,Bellanova,d,CAG,31,"5,94","6,02",1,0,0 / 0,0,1,3,0,7,-,
234,Ilic,c,VER,32,"6,0","6,02",1,0,0 / 0,0,3,5,1,11,-,13
235,Romagnoli S.,d,EMP,18,"5,86","6,0",2,0,0 / 0,0,0,3,0,6,-,15
236,Dezi,c,VEN,1,"6,0","6,0",0,0,0 / 0,0,0,0,0,1,-,
237,Spinazzola,d,ROM,2,"6,25","6,0",0,0,0 / 0,0,0,1,0,6,-,5
238,Ounas,a,NAP,8,"6,06","6,0",0,0,0 / 0,0,0,1,0,2,-,2
239,Kolarov,d,INT,1,"6,0","6,0",0,0,0 / 0,0,0,0,0,1,-,8
240,Bandinelli,c,EMP,33,"5,88","6,0",2,0,0 / 0,0,3,10,0,9,-,15
241,Crociata,c,EMP,1,"6,0","6,0",0,0,0 / 0,0,0,0,0,2,-,15
242,Retsos,d,VER,1,"6,0","6,0",0,0,0 / 0,0,0,0,0,2,-,13
243,Castillejo,c,MIL,4,"6,12","6,0",0,0,0 / 0,0,0,1,0,2,-,3
244,Oliva,c,CAG,1,"6,0","6,0",0,0,0 / 0,0,0,0,0,1,-,
245,Nandez,c,CAG,20,"6,0","6,0",0,0,0 / 0,0,2,4,0,6,-,
246,Cetin,d,VER,1,"6,0","6,0",0,0,0 / 0,0,0,0,0,1,-,13
247,Frabotta,d,VER,1,"6,0","6,0",0,0,0 / 0,0,0,0,0,2,-,13
248,Lammers,a,ATA,1,"6,0","6,0",0,0,0 / 0,0,0,0,0,13,-,1
249,Kokorin,a,FIO,2,"6,0","6,0",0,0,0 / 0,0,0,1,0,1,-,11
250,Darboe,c,ROM,1,"6,0","6,0",0,0,0 / 0,0,0,0,0,1,-,5
251,Satriano,a,INT,2,"6,0","6,0",0,0,0 / 0,0,0,0,0,2,-,8
252,Ciervo,c,SAS,7,"5,86","6,0",0,0,0 / 0,0,1,0,0,3,-,12
253,Schiavone,c,SAL,11,"5,77","6,0",1,0,0 / 0,0,0,1,0,4,-,10
254,Modolo,d,VEN,5,"6,2","6,0",0,0,0 / 0,0,0,2,0,2,-,
255,Johnsen,a,VEN,25,"5,84","6,0",1,0,0 / 0,0,2,2,0,7,-,
256,Romero L.,c,LAZ,2,"6,0","6,0",0,0,0 / 0,0,0,0,0,2,-,9
257,Sher,c,SPE,1,"6,0","6,0",0,0,0 / 0,0,0,0,0,1,-,14
258,Bianchi F.,a,GEN,6,"5,5","6,0",1,0,0 / 0,0,0,0,0,5,-,
259,Galazzi,a,VEN,1,"6,0","6,0",0,0,0 / 0,0,0,0,0,2,-,
260,Zovko,p,SPE,1,"6,0","6,0",0,0,0 / 0,0,0,0,0,3,-,14
261,Afena-Gyan,a,ROM,14,"5,75","6,0",2,0,0 / 0,0,0,3,1,4,-,5
262,Praszelik,c,VER,1,"6,0","6,0",0,0,0 / 0,0,0,0,0,1,-,13
263,Seck,a,TOR,3,"6,0","6,0",0,0,0 / 0,0,0,0,0,2,-,6
264,Miretti,c,JUV,4,"6,0","6,0",0,0,0 / 0,0,0,0,0,3,-,7
265,Cristante,c,ROM,34,"6,0","5,99",2,0,0 / 0,0,0,9,0,9,-,5
266,Deiola,c,CAG,31,"5,65","5,98",4,0,0 / 0,0,1,5,0,10,-,
267,Miguel Veloso,c,VER,21,"6,0","5,98",0,0,0 / 0,0,3,5,1,6,-,13
268,Zaniolo,c,ROM,28,"5,96","5,98",2,0,0 / 0,0,1,9,2,9,-,5
269,Portanova,c,GEN,23,"5,93","5,98",1,0,0 / 0,0,0,4,0,7,-,
270,Yoshida,d,SAM,24,"5,73","5,98",2,0,0 / 0,0,3,2,0,5,-,18
271,Kovalenko,c,SPE,22,"5,77","5,98",1,0,0 / 0,0,3,4,0,7,-,14
272,Pezzella Giu.,d,ATA,16,"5,94","5,97",0,0,0 / 0,0,2,3,0,4,-,1
273,Sensi,c,SAM,15,"5,8","5,97",1,0,0 / 0,0,0,1,0,8,-,18
274,Bentancur,c,JUV,17,"5,94","5,97",0,0,0 / 0,0,1,1,0,8,-,7
275,Karsdorp,d,ROM,35,"6,04","5,97",0,0,0 / 0,0,2,7,1,10,-,5
276,Ceccaroni,d,VEN,35,"5,9","5,97",2,0,0 / 0,0,1,7,1,8,-,
277,Antiste,a,SPE,16,"5,78","5,97",1,0,0 / 0,0,0,0,0,5,-,14
278,Odriozola,d,FIO,25,"5,88","5,96",1,0,0 / 0,0,2,4,1,6,-,11
279,Maehle,d,ATA,23,"5,83","5,96",1,0,0 / 0,0,1,2,0,5,-,1
280,Callejon,c,FIO,25,"5,74","5,94",1,0,0 / 0,0,2,0,0,6,-,11
281,Romagnoli,d,MIL,17,"5,94","5,94",1,0,0 / 0,0,0,4,1,4,-,3
282,Sala,d,SPE,16,"5,84","5,94",1,0,0 / 0,0,0,3,0,3,-,14
283,Samir,d,UDI,17,"6,09","5,94",0,0,0 / 0,0,0,5,0,6,-,4
284,Kyriakopoulos,d,SAS,25,"5,9","5,94",0,0,0 / 0,0,5,6,1,7,-,12
285,Ceppitelli,d,CAG,21,"5,83","5,93",1,0,0 / 0,0,0,3,0,6,-,
286,Arslan,c,UDI,29,"5,98","5,93",1,0,0 / 0,0,0,9,0,7,-,4
287,Ranocchia,d,INT,6,"6,0","5,92",0,0,0 / 0,0,0,1,0,2,-,8
288,Marin,c,CAG,36,"5,86","5,92",0,0,0 / 0,0,5,4,1,9,-,
289,Zima,d,TOR,18,"6,0","5,92",0,0,0 / 0,0,0,3,0,4,-,6
290,Grassi,c,CAG,28,"5,98","5,91",0,0,0 / 0,0,1,4,1,7,-,
291,Medel,c,BOL,33,"6,03","5,91",0,0,0 / 0,0,1,8,1,5,-,16
292,Fazio,d,SAL,16,"5,81","5,91",1,0,0 / 0,0,0,1,1,7,-,10
293,Melegoni,c,GEN,22,"5,80","5,91",1,0,0 / 0,0,0,1,0,8,-,
294,Dijks,d,BOL,11,"5,82","5,91",0,0,0 / 0,0,2,2,0,5,-,16
295,Thorsby,c,SAM,35,"5,77","5,91",3,0,0 / 0,0,1,10,0,9,-,18
296,Augello,d,SAM,34,"5,79","5,91",1,0,0 / 0,0,1,0,0,8,-,18
297,Zortea,d,SAL,23,"5,74","5,91",1,0,0 / 0,0,2,3,0,6,-,10
298,Ghoulam,d,NAP,5,"6,0","5,9",0,0,0 / 0,0,0,1,0,2,-,2
299,Kjaer,d,MIL,10,"6,2","5,9",0,0,0 / 0,0,0,2,0,6,-,3
300,Casale,d,VER,34,"6,0","5,90",0,0,0 / 0,0,1,10,0,6,-,13
301,Basic,c,LAZ,20,"5,88","5,9",0,0,0 / 0,0,2,3,0,5,-,9
302,Kasius,d,BOL,5,"5,9","5,9",0,0,0 / 0,0,0,0,0,2,-,16
303,Bessa,c,VER,18,"5,81","5,89",1,0,0 / 0,0,1,3,1,4,-,13
304,Buongiorno,d,TOR,18,"5,94","5,89",0,0,0 / 0,0,1,5,0,4,-,6
305,Peretz,c,VEN,14,"5,86","5,89",0,0,0 / 0,0,1,2,0,5,-,
306,Rugani,d,JUV,12,"5,96","5,88",0,0,0 / 0,0,0,2,0,4,-,7
307,Pulgar,c,FIO,4,"5,88","5,88",0,0,0 / 0,0,1,2,0,2,-,11
308,Depaoli,d,VER,17,"5,76","5,88",1,0,0 / 0,0,1,4,0,6,-,13
309,Vignato,c,BOL,17,"5,88","5,88",0,0,0 / 0,0,1,2,0,4,-,16
310,Haas,c,EMP,16,"5,84","5,88",0,0,0 / 0,0,2,3,0,3,-,15
311,Bani,d,GEN,17,"5,91","5,88",0,0,0 / 0,0,0,1,0,5,-,
312,Boga,a,ATA,26,"5,81","5,88",0,0,0 / 0,0,2,0,0,8,-,1
313,Zalewski,c,ROM,13,"5,92","5,88",0,0,0 / 0,0,0,1,0,6,-,5
314,Busio,c,VEN,28,"5,88","5,88",1,0,0 / 0,0,1,8,0,6,-,
315,Haps,d,VEN,25,"5,84","5,88",1,0,0 / 0,0,1,6,0,7,-,
316,Obert,d,CAG,4,"5,88","5,88",0,0,0 / 0,0,0,0,0,1,-,
317,Caldara,d,VEN,30,"5,92","5,87",1,0,0 / 0,0,0,9,0,7,-,
318,Walace,c,UDI,35,"5,9","5,87",1,0,0 / 0,0,0,6,1,7,-,4
319,Soriano,c,BOL,35,"5,87","5,87",0,0,0 / 0,0,4,4,2,10,-,16
320,Radovanovic,d,SAL,14,"5,79","5,86",1,0,0 / 0,0,0,4,0,9,-,10
321,Ayhan,d,SAS,18,"5,81","5,86",1,0,0 / 0,0,0,2,1,5,-,12
322,Stojanovic,d,EMP,33,"5,91","5,86",1,0,0 / 0,0,1,9,1,6,-,15
323,Vacca,c,VEN,21,"5,98","5,86",0,0,0 / 0,0,0,5,0,4,-,
324,Pellegrini Lu.,d,JUV,17,"5,97","5,85",0,0,0 / 0,0,1,6,0,5,-,7
325,Ferrer,d,SPE,23,"5,78","5,85",0,0,0 / 0,0,3,3,0,6,-,14
326,Parisi,d,EMP,23,"5,91","5,85",0,0,0 / 0,0,1,5,0,7,-,15
327,Hongla,c,VER,13,"5,73","5,85",1,0,0 / 0,0,0,3,0,5,-,13
328,Frendrup,c,GEN,10,"5,9","5,85",0,0,0 / 0,0,0,1,0,6,-,
329,Nsame,a,VEN,10,"5,75","5,85",0,0,0 / 0,0,1,0,0,10,-,
330,Bohinen,c,SAL,10,"6,0","5,85",0,0,0 / 0,0,1,5,0,5,-,10
331,Badelj,c,GEN,34,"5,81","5,84",1,0,0 / 0,0,0,4,0,6,-,
332,Freuler,c,ATA,29,"5,95","5,84",1,0,0 / 0,0,1,10,0,6,-,1
333,Skov Olsen,c,BOL,16,"5,72","5,84",0,0,0 / 0,0,2,0,0,7,-,16
334,Mazzocchi,d,SAL,32,"5,86","5,84",0,0,0 / 0,0,2,5,0,7,-,10
335,Zaza,a,TOR,3,"5,83","5,83",0,0,0 / 0,0,0,1,0,2,-,6
336,Baselli,c,CAG,12,"5,79","5,83",0,0,0 / 0,0,1,1,0,4,-,
337,Arthur,c,JUV,15,"5,93","5,83",0,0,0 / 0,0,0,3,0,4,-,7
338,Anderson A.,c,LAZ,3,"6,0","5,83",0,0,0 / 0,0,0,1,0,2,-,9
339,Sutalo,d,VER,18,"5,83","5,83",0,0,0 / 0,0,0,0,0,4,-,13
340,Strelec,a,SPE,9,"5,5","5,83",1,0,0 / 0,0,0,0,0,2,-,14
341,Coppola D.,d,VER,3,"5,83","5,83",0,0,0 / 0,0,0,0,0,2,-,13
342,Kastanos,c,SAL,25,"5,78","5,82",1,0,0 / 0,0,1,4,1,7,-,10
343,Milenkovic,d,FIO,34,"5,88","5,82",1,0,0 / 0,0,0,8,1,7,-,11
344,Gudmundsson A.,c,GEN,11,"5,68","5,82",1,0,0 / 0,0,0,3,0,8,-,
345,Djimsiti,d,ATA,29,"5,83","5,81",1,0,0 / 0,0,1,6,0,6,-,1
346,Ceccherini,d,VER,34,"5,90","5,81",1,0,0 / 0,0,0,10,1,7,-,13
347,Colley,d,SAM,31,"5,92","5,81",0,0,0 / 0,0,0,5,1,7,-,18
348,Lovato,d,CAG,21,"5,93","5,81",0,0,0 / 0,0,0,5,0,7,-,
349,Kallon,a,GEN,13,"5,85","5,81",0,0,0 / 0,0,1,3,0,2,-,
350,Hefti,d,GEN,16,"5,84","5,81",0,0,0 / 0,0,0,1,0,6,-,
351,Aebischer,c,BOL,8,"5,88","5,81",0,0,0 / 0,0,0,1,0,5,-,16
352,Magnanelli,c,SAS,5,"5,8","5,8",0,0,0 / 0,0,0,1,0,2,-,12
353,Vasquez,d,GEN,28,"5,82","5,80",1,0,0 / 0,0,0,7,0,8,-,
354,Jajalo,c,UDI,12,"5,79","5,79",0,0,0 / 0,0,1,2,0,4,-,4
355,Molinaro,d,VEN,7,"5,64","5,79",0,0,0 / 0,0,1,0,0,1,-,
356,Ferrari G.,d,SAS,36,"5,79","5,79",1,0,0 / 0,0,0,4,1,6,-,12
357,Toljan,d,SAS,19,"5,79","5,79",0,0,0 / 0,0,1,2,0,4,-,12
358,Izzo,d,TOR,9,"6,0","5,78",0,0,0 / 0,0,0,4,0,3,-,6
359,Lykogiannis,d,CAG,25,"5,7","5,78",1,0,0 / 0,0,0,2,0,5,-,
360,Ampadu,d,VEN,29,"5,91","5,78",0,0,0 / 0,0,3,10,2,5,-,
361,Igor,d,FIO,28,"5,82","5,77",0,0,0 / 0,0,0,3,0,6,-,11
362,Dawidowicz,d,VER,15,"5,87","5,77",0,0,0 / 0,0,0,3,0,1,-,13
363,Falcinelli,a,BOL,2,"5,75","5,75",0,0,0 / 0,0,0,0,0,1,-,16
364,Linetty,c,TOR,16,"5,81","5,75",0,0,0 / 0,0,0,2,0,2,-,6
365,Rog,c,CAG,8,"5,62","5,75",0,0,0 / 0,0,1,0,0,6,-,
366,Rogerio,d,SAS,22,"5,80","5,75",0,0,0 / 0,0,1,5,0,4,-,12
367,Nani,a,VEN,6,"5,67","5,75",0,0,0 / 0,0,1,1,0,8,-,
368,Mraz,a,SPE,2,"5,75","5,75",0,0,0 / 0,0,0,0,0,2,-,14
369,Martinez Quarta,d,FIO,18,"5,81","5,75",1,0,0 / 0,0,0,8,0,3,-,11
370,Sigurdsson A.,c,VEN,6,"5,75","5,75",0,0,0 / 0,0,0,0,0,2,-,
371,Kaio Jorge,a,JUV,2,"5,75","5,75",0,0,0 / 0,0,0,0,0,1,-,7
372,Matheus Henrique,c,SAS,20,"5,82","5,75",0,0,0 / 0,0,0,3,0,5,-,12
373,Soppy,d,UDI,18,"5,86","5,75",0,0,0 / 0,0,0,4,0,6,-,4
374,Nguiamba,c,SPE,2,"6,0","5,75",0,0,0 / 0,0,0,1,0,2,-,14
375,Cacace,d,EMP,8,"5,81","5,75",0,0,0 / 0,0,0,1,0,3,-,15
376,Giovinco,a,SAM,2,"5,75","5,75",0,0,0 / 0,0,0,0,0,6,-,18
377,Pandev,a,GEN,19,"5,71","5,74",0,0,0 / 0,0,1,1,0,6,-,
378,Simy,a,SAL,17,"5,5","5,74",1,0,0 / 0,0,1,0,0,8,-,10
379,Coulibaly L.,c,SAL,31,"5,79","5,74",0,0,0 / 0,0,0,3,0,6,-,10
380,Vina,d,ROM,23,"5,74","5,74",0,0,0 / 0,0,1,2,0,4,-,5
381,Ferrari A.,d,SAM,22,"5,68","5,73",1,0,0 / 0,0,0,4,0,6,-,18
382,Caceres,d,CAG,13,"5,62","5,73",1,0,0 / 0,0,1,3,1,5,-,
383,Ruggeri,d,SAL,13,"5,77","5,73",0,0,0 / 0,0,0,1,0,4,-,10
384,Aina,d,TOR,20,"5,82","5,72",0,0,0 / 0,0,0,4,0,5,-,6
385,De Vrij,d,INT,28,"5,84","5,71",0,0,0 / 0,0,0,3,0,7,-,8
386,Maksimovic,d,GEN,14,"5,79","5,71",0,0,0 / 0,0,0,2,0,3,-,
387,Djidji,d,TOR,24,"5,83","5,71",0,0,0 / 0,0,0,4,1,4,-,6
388,Viti,d,EMP,19,"5,89","5,71",0,0,0 / 0,0,0,1,1,4,-,15
389,Patric,d,LAZ,22,"5,75","5,70",1,0,0 / 0,0,1,4,1,5,-,9
390,Ekdal,c,SAM,25,"5,8","5,7",1,0,0 / 0,0,0,9,1,4,-,18
391,Perez N.,d,UDI,20,"5,8","5,7",0,0,0 / 0,0,1,6,0,4,-,4
392,Lucas Leiva,c,LAZ,32,"5,83","5,69",0,0,0 / 0,0,0,9,0,5,-,9
393,Hristov,d,SPE,16,"5,53","5,69",1,0,0 / 0,0,1,3,0,3,-,14
394,Reca,d,SPE,24,"5,67","5,69",0,0,0 / 0,0,2,3,0,5,-,14
395,Kumbulla,d,ROM,13,"5,88","5,69",0,0,0 / 0,0,0,6,0,3,-,5
396,Fiordilino,c,VEN,13,"5,77","5,69",0,0,0 / 0,0,0,2,0,4,-,
397,Luperto,d,EMP,22,"5,82","5,68",0,0,0 / 0,0,1,6,1,4,-,15
398,Benassi,c,EMP,14,"5,71","5,68",0,0,0 / 0,0,0,2,0,4,-,15
399,Obi,c,SAL,20,"5,72","5,68",0,0,0 / 0,0,1,4,0,3,-,10
400,Marusic,d,LAZ,33,"5,68","5,68",1,0,0 / 0,0,0,4,1,5,-,9
401,Binks,d,BOL,11,"5,82","5,68",0,0,0 / 0,0,0,3,0,2,-,16
402,Yeboah,a,GEN,17,"5,68","5,68",0,0,0 / 0,0,1,2,0,9,-,
403,Radunovic,p,CAG,3,"6,33","5,67",0,5,0 / 0,1,0,0,0,2,-,
404,Hysaj,d,LAZ,27,"5,61","5,67",1,0,0 / 0,0,0,3,0,3,-,9
405,Ramsey,c,JUV,3,"5,67","5,67",0,0,0 / 0,0,0,0,0,2,-,7
406,Torregrossa,a,SAM,3,"5,67","5,67",0,0,0 / 0,0,0,1,0,1,-,18
407,Damsgaard,c,SAM,9,"5,72","5,67",0,0,0 / 0,0,0,1,0,3,-,18
408,Amian,d,SPE,32,"5,72","5,67",1,0,0 / 0,0,1,7,2,5,-,14
409,Ebuehi,d,VEN,18,"5,75","5,67",0,0,0 / 0,0,0,1,1,3,-,
410,Heymans,c,VEN,6,"5,83","5,67",0,0,0 / 0,0,1,4,0,2,-,
411,Ekuban,a,GEN,29,"5,53","5,67",1,0,0 / 0,0,2,2,0,5,-,
412,Bereszynski,d,SAM,35,"5,74","5,66",0,0,0 / 0,0,3,12,0,4,-,18
413,Soumaoro,d,BOL,27,"5,91","5,65",0,0,0 / 0,0,0,6,2,4,-,16
414,Rincon,c,SAM,21,"5,76","5,64",0,0,0 / 0,0,0,5,0,5,-,18
415,Ghiglione,d,GEN,11,"5,68","5,64",0,0,0 / 0,0,1,3,0,1,-,
416,Vieira,c,SAM,11,"5,77","5,64",0,0,0 / 0,0,0,3,0,4,-,18
417,Maignan,p,MIL,32,"6,28","5,64",0,21,0 / 0,0,1,1,0,18,-,3
418,Zanoli,d,NAP,7,"5,79","5,64",0,0,0 / 0,0,0,2,0,3,-,2
419,Capezzi,c,SAL,4,"5,62","5,62",0,0,0 / 0,0,0,0,0,2,-,10
420,Salcedo E.,a,SPE,8,"5,69","5,62",0,0,0 / 0,0,0,1,0,2,-,14
421,Luiz Felipe,d,LAZ,29,"5,83","5,62",0,0,0 / 0,0,0,10,1,4,-,9
422,Cuisance,c,VEN,13,"5,69","5,62",0,0,0 / 0,0,0,2,0,5,-,
423,Calafiori,d,GEN,4,"5,62","5,62",0,0,0 / 0,0,1,3,0,2,-,
424,Dragusin,d,SAL,17,"5,68","5,62",0,0,0 / 0,0,0,2,0,3,-,10
425,Radu,d,LAZ,9,"5,72","5,61",0,0,0 / 0,0,0,2,0,2,-,9
426,Magnani,d,SAM,14,"5,79","5,61",0,0,0 / 0,0,0,3,1,2,-,18
427,Kiyine,c,VEN,26,"5,77","5,60",1,0,0 / 1,0,0,7,1,3,-,
428,Hateboer,d,ATA,21,"5,64","5,60",0,0,0 / 0,0,0,2,0,6,-,1
429,Stryger Larsen,d,UDI,10,"5,7","5,6",0,0,0 / 0,0,1,0,0,1,-,4
430,Rabiot,c,JUV,29,"5,62","5,60",0,0,0 / 0,0,2,5,0,5,-,7
431,Adrien Silva,c,SAM,15,"5,7","5,6",0,0,0 / 0,0,1,3,1,4,-,18
432,Chiriches,d,SAS,27,"5,67","5,59",0,0,0 / 0,0,0,4,0,4,-,12
433,Alex Sandro,d,JUV,27,"5,69","5,59",0,0,0 / 0,0,1,3,0,4,-,7
434,Ranieri L.,d,SAL,27,"5,65","5,59",1,0,0 / 0,0,0,9,0,4,-,10
435,Gyomber,d,SAL,30,"5,73","5,58",0,0,0 / 0,0,0,9,0,4,-,10
436,Mancini,d,ROM,33,"5,82","5,58",0,0,0 / 0,0,0,14,1,7,-,5
437,Walukiewicz,d,CAG,6,"5,67","5,58",0,0,0 / 0,0,0,1,0,2,-,
438,Tessmann,c,VEN,18,"5,67","5,58",0,0,0 / 0,0,0,1,1,2,-,
439,Venuti,d,FIO,21,"5,76","5,57",0,0,0 / 0,0,0,4,0,4,-,11
440,Gunter,d,VER,30,"5,8","5,57",0,0,0 / 0,0,0,10,0,4,-,13
441,Kechrida,d,SAL,14,"5,5","5,57",0,0,0 / 0,0,1,0,0,2,-,10
442,Kiwior,d,SPE,22,"5,70","5,57",0,0,0 / 0,0,0,6,0,5,-,14
443,Verre,c,EMP,16,"5,62","5,56",0,0,0 / 0,0,1,2,1,2,-,15
444,Maitland-Niles,d,ROM,8,"5,56","5,56",0,0,0 / 0,0,0,0,0,5,-,5
445,Colley E.,a,SPE,8,"5,62","5,56",0,0,0 / 0,0,0,1,0,1,-,14
446,Muldur,d,SAS,25,"5,66","5,56",0,0,0 / 0,0,0,5,0,5,-,12
447,Berisha,p,TOR,10,"6,1","5,55",0,8,0 / 0,1,0,1,0,14,-,6
448,Goldaniga,d,CAG,11,"5,68","5,55",0,0,0 / 0,0,0,3,0,2,-,
449,Murru,d,SAM,19,"5,5","5,55",1,0,0 / 0,0,0,5,0,3,-,18
450,Marchizza,d,EMP,19,"5,71","5,55",0,0,0 / 0,0,1,4,0,1,-,15
451,Bakayoko,c,MIL,11,"5,64","5,55",0,0,0 / 0,0,0,3,0,2,-,3
452,Harroui,c,SAS,10,"5,65","5,55",0,0,0 / 0,0,0,2,0,2,-,12
453,Carboni,d,CAG,28,"5,70","5,52",0,0,0 / 0,0,0,6,0,4,-,
454,Nikolaou,d,SPE,36,"5,67","5,51",0,0,0 / 0,0,0,7,0,4,-,14
455,Masiello,d,GEN,7,"5,71","5,5",0,0,0 / 0,0,0,3,0,2,-,
456,Mbaye,d,BOL,2,"5,5","5,5",0,0,0 / 0,0,0,0,0,1,-,16
457,Diawara,c,ROM,3,"5,5","5,5",0,0,0 / 0,0,0,0,0,1,-,5
458,Viola,c,BOL,3,"5,5","5,5",0,0,0 / 0,0,0,0,0,2,-,16
459,Manolas,d,NAP,4,"5,62","5,5",0,0,0 / 0,0,0,1,0,2,-,2
460,Fiamozzi,d,EMP,8,"5,44","5,5",0,0,0 / 0,0,1,1,0,2,-,15
461,Favilli,a,GEN,1,"5,5","5,5",0,0,0 / 0,0,0,0,0,3,-,
462,Farias,a,CAG,3,"5,5","5,5",0,0,0 / 0,0,0,0,0,3,-,
463,Pinsoglio,p,JUV,1,"6,5","5,5",0,1,0 / 0,0,0,0,0,3,-,7
464,Farago',d,CAG,1,"5,5","5,5",0,0,0 / 0,0,0,0,0,2,-,
465,Dalbert,d,CAG,28,"5,59","5,5",0,0,0 / 0,0,2,9,0,4,-,
466,Behrami,c,GEN,8,"5,69","5,5",0,0,0 / 0,0,0,3,0,2,-,
467,Ronaldo,a,JUV,1,"6,0","5,5",0,0,0 / 0,0,0,1,0,43,-,7
468,Kingsley,c,BOL,2,"5,5","5,5",0,0,0 / 0,0,0,0,0,1,-,16
469,Malcuit,d,NAP,4,"5,62","5,5",0,0,0 / 0,0,1,3,0,1,-,2
470,Semper,p,GEN,1,"6,5","5,5",0,1,0 / 0,0,0,0,0,3,-,
471,Zeegelaar,d,UDI,12,"5,58","5,5",0,0,0 / 0,0,0,2,0,2,-,4
472,Zappa,d,CAG,20,"5,6","5,5",0,0,0 / 0,0,0,2,1,3,-,
473,Askildsen,c,SAM,15,"5,8","5,5",0,0,0 / 0,0,0,5,0,2,-,18
474,Muriqi,a,LAZ,5,"5,6","5,5",0,0,0 / 0,0,0,1,0,1,-,9
475,Ballo-Toure',d,MIL,7,"5,64","5,5",0,0,0 / 0,0,0,2,0,1,-,3
476,Ake' M.,a,JUV,2,"5,75","5,5",0,0,0 / 0,0,0,1,0,2,-,7
477,Mayoral,a,ROM,2,"5,5","5,5",0,0,0 / 0,0,0,0,0,5,-,5
478,Mihaila,a,ATA,2,"5,5","5,5",0,0,0 / 0,0,0,0,0,5,-,1
479,Vergani,a,SAL,1,"5,5","5,5",0,0,0 / 0,0,0,0,0,2,-,10
480,Van Hooijdonk,a,BOL,1,"5,5","5,5",0,0,0 / 0,0,0,0,0,1,-,16
481,Kamenovic,d,LAZ,1,"5,5","5,5",0,0,0 / 0,0,0,0,0,2,-,9
482,Schnegg,d,VEN,3,"5,5","5,5",0,0,0 / 0,0,0,1,0,1,-,
483,Serpe,d,GEN,1,"5,5","5,5",0,0,0 / 0,0,0,0,0,2,-,
484,Kone B.,c,TOR,1,"5,5","5,5",0,0,0 / 0,0,0,0,0,1,-,6
485,Ostigard,d,GEN,15,"5,7","5,5",0,0,0 / 0,0,0,2,2,5,-,
486,Ullmann,d,VEN,4,"5,5","5,5",0,0,0 / 0,0,0,0,0,1,-,
487,Ceide,a,SAS,1,"5,5","5,5",0,0,0 / 0,0,0,0,0,2,-,12
488,Supryaga,a,SAM,1,"5,5","5,5",0,0,0 / 0,0,0,0,0,8,-,18
489,Mousset,a,SAL,4,"5,5","5,5",0,0,0 / 0,0,1,2,0,8,-,10
490,Szczesny,p,JUV,33,"6,12","5,48",0,29,0 / 0,3,0,2,0,16,-,7
491,Galdames,c,GEN,18,"5,53","5,47",0,0,0 / 0,0,0,2,0,4,-,
492,Biraschi,d,GEN,14,"5,61","5,46",0,0,0 / 0,0,0,4,0,4,-,
493,Godin,d,CAG,11,"5,5","5,45",0,0,0 / 0,0,1,3,0,3,-,
494,Strootman,c,CAG,9,"5,67","5,44",0,0,0 / 0,0,0,4,0,1,-,
495,Mateju,d,VEN,9,"5,5","5,44",0,0,0 / 0,0,1,3,0,2,-,
496,Gagliolo,d,SAL,14,"5,43","5,43",0,0,0 / 0,0,1,2,0,2,-,10
497,Gabbia,d,MIL,7,"5,64","5,43",0,0,0 / 0,0,0,3,0,1,-,3
498,Hernani,c,GEN,14,"5,43","5,43",0,0,0 / 0,0,0,0,0,2,-,
499,Sturaro,c,GEN,25,"5,64","5,42",0,0,0 / 0,0,0,11,0,4,-,
500,Svoboda,d,VEN,18,"5,53","5,42",0,0,0 / 0,0,0,2,1,3,-,
501,Bonifazi,d,BOL,17,"5,65","5,41",0,0,0 / 0,0,0,2,1,3,-,16
502,Delli Carri,d,SAL,5,"5,5","5,4",0,0,0 / 0,0,0,1,0,1,-,10
503,Ruan,d,SAS,5,"5,5","5,4",0,0,0 / 0,0,0,1,0,2,-,12
504,Vanheusden,d,GEN,14,"5,64","5,39",0,0,0 / 0,0,0,3,0,2,-,
505,Di Tacchio,c,SAL,16,"5,59","5,38",0,0,0 / 0,0,0,3,0,1,-,10
506,Ospina,p,NAP,31,"6,19","5,37",0,25,0 / 0,0,0,1,0,16,-,2
507,Sabelli,d,GEN,7,"5,57","5,36",0,0,0 / 0,0,0,3,0,2,-,
508,Dragowski,p,FIO,7,"6,21","5,36",0,8,0 / 0,1,0,0,1,3,-,11
509,Toure' A.,c,GEN,7,"5,43","5,36",0,0,0 / 0,0,0,1,0,1,-,
510,Bogdan,d,SAL,6,"5,33","5,33",0,0,0 / 0,0,0,0,0,2,-,10
511,Strandberg,d,SAL,11,"5,59","5,32",0,0,0 / 0,0,0,0,1,2,-,10
512,Handanovic,p,INT,37,"6,14","5,31",0,30,0 / 0,0,0,1,0,15,-,8
513,Sportiello,p,ATA,5,"6,3","5,3",0,5,0 / 0,0,0,0,0,4,-,1
514,Perotti,c,SAL,9,"5,61","5,28",0,0,0 / 1,0,0,1,0,6,-,10
515,Chabot,d,SAM,9,"5,56","5,28",0,0,0 / 0,0,0,5,0,2,-,18
516,Bardi,p,BOL,2,"6,25","5,25",0,2,0 / 0,0,0,0,0,4,-,16
517,Nastasic,d,FIO,4,"5,38","5,25",0,0,0 / 0,0,0,1,0,2,-,11
518,Akpa Akpro,c,LAZ,6,"5,33","5,25",0,0,0 / 0,0,0,1,0,1,-,9
519,Tonelli,d,EMP,13,"5,54","5,23",0,0,0 / 0,0,0,4,0,2,-,15
520,Jaroszynski,d,SAL,9,"5,33","5,22",0,0,0 / 0,0,0,2,0,1,-,10
521,Veseli,d,SAL,8,"5,31","5,12",0,0,0 / 0,0,0,1,1,1,-,10
522,Rui Patricio,p,ROM,38,"6,12","5,04",0,43,0 / 0,1,0,2,0,14,-,5
523,Meret,p,NAP,7,"5,86","5,0",0,6,0 / 0,0,0,0,0,7,-,2
524,Falcone,p,SAM,10,"6,5","5,0",0,14,0 / 0,0,0,2,0,7,-,18
525,Rossi F.,p,ATA,1,"6,0","5,0",0,1,0 / 0,0,0,0,0,1,-,1
526,Ravaglia,p,SAM,1,"6,0","5,0",0,1,0 / 0,0,0,0,0,1,-,18
527,Buksa,a,GEN,1,"5,0","5,0",0,0,0 / 0,0,0,0,0,1,-,
528,Di Mariano,a,VEN,1,"5,0","5,0",0,0,0 / 0,0,0,0,0,5,-,
529,Ismajli,d,EMP,16,"5,41","4,94",0,0,0 / 0,0,0,7,0,2,-,15
530,Milinkovic-Savic V.,p,TOR,27,"6,04","4,87",0,33,0 / 0,1,0,3,0,10,-,6
531,Tatarusanu,p,MIL,6,"6,0","4,83",0,10,0 / 0,1,0,0,0,1,-,3
532,Skorupski,p,BOL,36,"6,26","4,82",0,53,0 / 0,1,0,4,0,11,-,16
533,Montipo',p,VER,34,"6,18","4,78",0,50,0 / 0,1,0,1,0,10,-,13
534,Silvestri,p,UDI,35,"6,21","4,77",0,50,0 / 0,0,0,1,0,10,-,4
535,Musso,p,ATA,33,"6,08","4,76",0,42,0 / 0,0,0,1,1,11,-,1
536,Vicario,p,EMP,38,"6,42","4,72",0,70,0 / 0,2,0,1,0,11,-,15
537,Perin,p,JUV,5,"6,1","4,7",0,7,0 / 0,0,0,0,0,2,-,7
538,Strakosha,p,LAZ,23,"6,0","4,70",0,29,0 / 0,0,0,2,0,11,-,9
539,Terracciano,p,FIO,32,"5,95","4,70",0,43,0 / 0,1,0,0,0,10,-,11
540,Sirigu,p,GEN,37,"6,22","4,65",0,59,0 / 0,1,0,0,0,9,-,
541,Sepe,p,SAL,16,"6,19","4,62",0,24,0 / 0,0,0,2,0,8,-,10
542,Audero,p,SAM,29,"6,17","4,59",0,48,0 / 0,1,0,2,0,10,-,18
543,Consigli,p,SAS,37,"6,22","4,57",0,63,0 / 0,1,0,2,0,10,-,12
544,Cragno,p,CAG,35,"6,21","4,54",0,63,0 / 0,2,0,3,0,9,-,
545,Lezzerini,p,VEN,6,"6,17","4,5",0,9,0 / 0,0,0,2,0,1,-,
546,Provedel,p,SPE,31,"6,27","4,5",0,52,0 / 0,0,0,2,0,8,-,14
547,Di Carmine,a,VER,1,"5,0","4,5",0,0,0 / 0,0,0,1,0,3,-,13
548,Vignali,d,SPE,1,"4,5","4,5",0,0,0 / 0,0,0,0,0,2,-,14
549,Aya,d,SAL,2,"4,75","4,5",0,0,0 / 0,0,0,1,0,2,-,10
550,Maenpaa,p,VEN,17,"6,0","4,44",0,27,0 / 0,0,1,1,0,8,-,
551,De Maio,d,UDI,2,"4,25","4,25",0,0,0 / 0,0,0,0,0,1,-,4
552,Belec,p,SAL,23,"6,02","4,0",0,49,0 / 0,1,0,1,0,4,-,10
553,Pandur,p,VER,3,"6,0","4,0",0,6,0 / 0,0,0,0,0,1,-,13
554,Reina,p,LAZ,15,"5,93","3,97",0,29,0 / 0,0,1,3,0,7,-,9
555,Romero S.,p,VEN,16,"6,03","3,91",0,33,0 / 0,0,0,2,0,1,-,
556,Padelli,p,UDI,3,"6,17","3,5",0,8,0 / 0,0,0,0,0,3,-,4
557,Zoet,p,SPE,7,"5,79","3,5",0,19,0 / 0,1,0,0,0,2,-,14
558,Pegolo,p,SAS,1,"6,0","3,0",0,3,0 / 0,0,0,0,0,1,-,12
559,Berardi A.,p,VER,1,"6,0","3,0",0,3,0 / 0,0,0,0,0,1,-,13
560,Radu I.,p,INT,1,"3,5","1,5",0,2,0 / 0,0,0,0,0,1,-,8
561,Fiorillo,p,SAL,1,"5,5","0,5",0,5,0 / 0,0,0,0,0,1,-,10
562,Mirante,p,MIL,0,"0,0","0,0",0,0,0 / 0,0,0,0,0,1,-,3
563,Sarr M.,p,BOL,0,"0,0","0,0",0,0,0 / 0,0,0,0,0,1,-,16
564,Ujkani,p,EMP,0,"0,0","0,0",0,0,0 / 0,0,0,0,0,1,-,15
565,Murillo,d,SAM,0,"0,0","0,0",0,0,0 / 0,0,0,0,0,3,-,18
566,Cerri,a,CAG,0,"0,0","0,0",0,0,0 / 0,0,0,0,0,4,-,
567,Llorente,a,UDI,0,"0,0","0,0",0,0,0 / 0,0,0,0,0,9,-,4
568,Marchetti,p,GEN,0,"0,0","0,0",0,0,0 / 0,0,0,0,0,1,-,
569,La Gumina,a,SAM,0,"0,0","0,0",0,0,0 / 0,0,0,0,0,4,-,18
570,Capradossi,d,SPE,0,"0,0","0,0",0,0,0 / 0,0,0,0,0,1,-,14
571,Nainggolan,c,INT,0,"0,0","0,0",0,0,0 / 0,0,0,0,0,15,-,8
572,Iago Falque,a,TOR,0,"0,0","0,0",0,0,0 / 0,0,0,0,0,7,-,6
573,Brignoli,p,EMP,0,"0,0","0,0",0,0,0 / 0,0,0,0,0,1,-,15
574,Peluso,d,SAS,0,"0,0","0,0",0,0,0 / 0,0,0,0,0,1,-,12
575,Scuffet,p,UDI,0,"0,0","0,0",0,0,0 / 0,0,0,0,0,1,-,4
576,Mantovani,d,SAL,0,"0,0","0,0",0,0,0 / 0,0,0,0,0,2,-,10
577,Edera,a,TOR,0,"0,0","0,0",0,0,0 / 0,0,0,0,0,1,-,6
578,Cordaz,p,INT,0,"0,0","0,0",0,0,0 / 0,0,0,0,0,1,-,8
579,Aresti,p,CAG,0,"0,0","0,0",0,0,0 / 0,0,0,0,0,1,-,
580,Jankto,c,SAM,0,"0,0","0,0",0,0,0 / 0,0,0,0,0,14,-,18
581,Lirola,d,FIO,0,"0,0","0,0",0,0,0 / 0,0,0,0,0,8,-,11
582,Ragusa,a,VER,0,"0,0","0,0",0,0,0 / 0,0,0,0,0,1,-,13
583,Plizzari,p,MIL,0,"0,0","0,0",0,0,0 / 0,0,0,0,0,1,-,3
584,Satalino,p,SAS,0,"0,0","0,0",0,0,0 / 0,0,0,0,0,1,-,12
585,Lyanco,d,TOR,0,"0,0","0,0",0,0,0 / 0,0,0,0,0,6,-,6
586,Felicioli,d,VEN,0,"0,0","0,0",0,0,0 / 0,0,0,0,0,2,-,
587,Cassata,c,GEN,0,"0,0","0,0",0,0,0 / 0,0,0,0,0,1,-,
588,Santurro,p,UDI,0,"0,0","0,0",0,0,0 / 0,0,0,0,0,1,-,4
589,Romagna,d,SAS,0,"0,0","0,0",0,0,0 / 0,0,0,0,0,1,-,12
590,Pezzella Ger.,d,FIO,0,"0,0","0,0",0,0,0 / 0,0,0,0,0,7,-,11
591,Leris,c,SAM,0,"0,0","0,0",0,0,0 / 0,0,0,0,0,3,-,18
592,Lukaku,a,INT,0,"0,0","0,0",0,0,0 / 0,0,0,0,0,44,-,8
593,Ceter,a,CAG,0,"0,0","0,0",0,0,0 / 0,0,0,0,0,1,-,
594,Calabresi,d,BOL,0,"0,0","0,0",0,0,0 / 0,0,0,0,0,1,-,16
595,Kouame',a,FIO,0,"0,0","0,0",0,0,0 / 0,0,0,0,0,7,-,11
596,Fuzato,p,ROM,0,"0,0","0,0",0,0,0 / 0,0,0,0,0,1,-,5
597,Rosati,p,FIO,0,"0,0","0,0",0,0,0 / 0,0,0,0,0,1,-,11
598,Opoku,d,UDI,0,"0,0","0,0",0,0,0 / 0,0,0,0,0,1,-,4
599,Imperiale,d,EMP,0,"0,0","0,0",0,0,0 / 0,0,0,0,0,1,-,15
600,Contini,p,NAP,0,"0,0","0,0",0,0,0 / 0,0,0,0,0,1,-,2
601,Romero,d,ATA,0,"0,0","0,0",0,0,0 / 0,0,0,0,0,15,-,1
602,Millico,a,TOR,0,"0,0","0,0",0,0,0 / 0,0,0,0,0,3,-,6
603,Armini,d,LAZ,0,"0,0","0,0",0,0,0 / 0,0,0,0,0,1,-,9
604,Jagiello,c,GEN,0,"0,0","0,0",0,0,0 / 0,0,0,0,0,5,-,
605,Lazaro,c,INT,0,"0,0","0,0",0,0,0 / 0,0,0,0,0,2,-,8
606,Vavro,d,LAZ,0,"0,0","0,0",0,0,0 / 0,0,0,0,0,1,-,9
607,Tripaldelli,d,CAG,0,"0,0","0,0",0,0,0 / 0,0,0,0,0,1,-,
608,Agoume,c,INT,0,"0,0","0,0",0,0,0 / 0,0,0,0,0,3,-,8
609,Denswil,d,BOL,0,"0,0","0,0",0,0,0 / 0,0,0,0,0,2,-,16
610,Tomiyasu,d,BOL,0,"0,0","0,0",0,0,0 / 0,0,0,0,0,9,-,16
611,Cristo,a,UDI,0,"0,0","0,0",0,0,0 / 0,0,0,0,0,3,-,4
612,Andrenacci,p,GEN,0,"0,0","0,0",0,0,0 / 0,0,0,0,0,1,-,
613,Fagioli,c,JUV,0,"0,0","0,0",0,0,0 / 0,0,0,0,0,1,-,7
614,Cangiano,a,BOL,0,"0,0","0,0",0,0,0 / 0,0,0,0,0,1,-,16
615,Empereur,d,VER,0,"0,0","0,0",0,0,0 / 0,0,0,0,0,2,-,13
616,Obiang,c,SAS,0,"0,0","0,0",0,0,0 / 0,0,0,0,0,1,-,12
617,Tutino,a,NAP,0,"0,0","0,0",0,0,0 / 0,0,0,0,0,8,-,2
618,Benkovic,d,UDI,0,"0,0","0,0",0,0,0 / 0,0,0,0,0,1,-,4
619,Tuanzebe,d,NAP,0,"0,0","0,0",0,0,0 / 0,0,0,0,0,4,-,2
620,Turati,p,SAS,0,"0,0","0,0",0,0,0 / 0,0,0,0,0,1,-,12
621,Czyborra,d,GEN,0,"0,0","0,0",0,0,0 / 0,0,0,0,0,2,-,
622,Villar,c,ROM,0,"0,0","0,0",0,0,0 / 0,0,0,0,0,1,-,5
623,Haraslin,c,SAS,0,"0,0","0,0",0,0,0 / 0,0,0,0,0,3,-,12
624,Baldursson,c,BOL,0,"0,0","0,0",0,0,0 / 0,0,0,0,0,1,-,16
625,Ballarini,d,UDI,0,"0,0","0,0",0,0,0 / 0,0,0,0,0,1,-,4
626,Ladinetti,c,CAG,0,"0,0","0,0",0,0,0 / 0,0,0,0,0,1,-,
627,Manzari,a,SAS,0,"0,0","0,0",0,0,0 / 0,0,0,0,0,1,-,12
628,Gagliano,a,CAG,0,"0,0","0,0",0,0,0 / 0,0,0,0,0,1,-,
629,Dalle Mura,d,FIO,0,"0,0","0,0",0,0,0 / 0,0,0,0,0,1,-,11
630,Palumbo,c,JUV,0,"0,0","0,0",0,0,0 / 0,0,0,0,0,1,-,7
631,Escalante,c,LAZ,0,"0,0","0,0",0,0,0 / 0,0,0,0,0,1,-,9
632,Krapikas,p,SPE,0,"0,0","0,0",0,0,0 / 0,0,0,0,0,1,-,14
633,Ramos,d,SPE,0,"0,0","0,0",0,0,0 / 0,0,0,0,0,1,-,14
634,Segre,c,TOR,0,"0,0","0,0",0,0,0 / 0,0,0,0,0,1,-,6
635,Ruegg,d,VER,0,"0,0","0,0",0,0,0 / 0,0,0,0,0,1,-,13
636,Boer,p,ROM,0,"0,0","0,0",0,0,0 / 0,0,0,0,0,1,-,5
637,Alia,p,LAZ,0,"0,0","0,0",0,0,0 / 0,0,0,0,0,1,-,9
638,Hauge,a,MIL,0,"0,0","0,0",0,0,0 / 0,0,0,0,0,5,-,3
639,Leo' Sena,c,SPE,0,"0,0","0,0",0,0,0 / 0,0,0,0,0,1,-,14
640,Amione,d,VER,0,"0,0","0,0",0,0,0 / 0,0,0,0,0,1,-,13
641,Gasparini,p,UDI,0,"0,0","0,0",0,0,0 / 0,0,0,0,0,1,-,4
642,Rojas,c,BOL,0,"0,0","0,0",0,0,0 / 0,0,0,0,0,1,-,16
643,Oddei,a,SAS,0,"0,0","0,0",0,0,0 / 0,0,0,0,0,1,-,12
644,Reynolds,d,ROM,0,"0,0","0,0",0,0,0 / 0,0,0,0,0,1,-,5
645,Cortinovis,c,ATA,0,"0,0","0,0",0,0,0 / 0,0,0,0,0,1,-,1
646,Furlan,p,EMP,0,"0,0","0,0",0,0,0 / 0,0,0,0,0,1,-,15
647,Damiani,c,EMP,0,"0,0","0,0",0,0,0 / 0,0,0,0,0,1,-,15
648,Moreo,a,EMP,0,"0,0","0,0",0,0,0 / 0,0,0,0,0,1,-,15
649,Ferrarini,d,FIO,0,"0,0","0,0",0,0,0 / 0,0,0,0,0,2,-,11
650,Munteanu,a,FIO,0,"0,0","0,0",0,0,0 / 0,0,0,0,0,1,-,11
651,Sy,d,SAL,0,"0,0","0,0",0,0,0 / 0,0,0,0,0,1,-,10
652,Boultam,c,SAL,0,"0,0","0,0",0,0,0 / 0,0,0,0,0,1,-,10
653,Cavion,c,SAL,0,"0,0","0,0",0,0,0 / 0,0,0,0,0,3,-,10
654,Kristoffersen,a,SAL,0,"0,0","0,0",0,0,0 / 0,0,0,0,0,1,-,10
655,Kaique Rocha,d,SAM,0,"0,0","0,0",0,0,0 / 0,0,0,0,0,1,-,18
656,Kornvig,c,SPE,0,"0,0","0,0",0,0,0 / 0,0,0,0,0,1,-,14
657,Bjarkason,c,VEN,0,"0,0","0,0",0,0,0 / 0,0,0,0,0,1,-,
658,Pecile,c,VEN,0,"0,0","0,0",0,0,0 / 0,0,0,0,0,1,-,
659,Taugourdeau,c,VEN,0,"0,0","0,0",0,0,0 / 0,0,0,0,0,4,-,
660,Bocalon,a,VEN,0,"0,0","0,0",0,0,0 / 0,0,0,0,0,1,-,
661,Adamonis,p,LAZ,0,"0,0","0,0",0,0,0 / 0,0,0,0,0,1,-,9
662,De Luca,a,SAM,0,"0,0","0,0",0,0,0 / 0,0,0,0,0,1,-,18
663,Bianco,c,FIO,0,"0,0","0,0",0,0,0 / 0,0,0,0,0,1,-,11
664,Yepes,c,SAM,0,"0,0","0,0",0,0,0 / 0,0,0,0,0,1,-,18
665,Marfella,p,NAP,0,"0,0","0,0",0,0,0 / 0,0,0,0,0,1,-,2
666,Bertinato,p,VEN,0,"0,0","0,0",0,0,0 / 0,0,0,0,0,1,-,
667,Holm,d,SPE,0,"0,0","0,0",0,0,0 / 0,0,0,0,0,2,-,14
668,Molla,p,BOL,0,"0,0","0,0",0,0,0 / 0,0,0,0,0,1,-,16
669,Ihattaren,c,SAM,0,"0,0","0,0",0,0,0 / 0,0,0,0,0,1,-,18
670,Russo,p,SAL,0,"0,0","0,0",0,0,0 / 0,0,0,0,0,1,-,10
671,Piana,p,UDI,0,"0,0","0,0",0,0,0 / 0,0,0,0,0,1,-,4
672,Neri,p,VEN,0,"0,0","0,0",0,0,0 / 0,0,0,0,0,1,-,
673,De Winter,d,JUV,0,"0,0","0,0",0,0,0 / 0,0,0,0,0,1,-,7
674,Lazetic,a,MIL,0,"0,0","0,0",0,0,0 / 0,0,0,0,0,1,-,3
