,Calciatore,Ruolo,Squadra,Partite Giocate,MV,FM,Gol,Gol Subiti,Rigori,Rigori Parati,Assist,Ammonizioni,Espulsioni
0,Gagliano,a,CAG,1,"7,5","11,5",1,0,0 / 0,0,1,0,0
1,Diallo Am.,a,ATA,1,"7,0","10,0",1,0,0 / 0,0,0,0,0
2,Immobile,a,LAZ,37,"6,58","9,5",36,0,14 / 15,0,7,8,0
3,Ronaldo,a,JUV,33,"6,56","9,33",31,0,12 / 13,0,3,3,0
4,Zapata D.,a,ATA,28,"6,5","8,62",18,0,1 / 1,0,6,1,0
5,Reina,p,MIL,1,"6,5","8,5",0,1,0 / 0,1,0,0,0
6,Ilicic,a,ATA,25,"6,52","8,42",15,0,0 / 0,0,4,1,1
7,Lukaku,a,INT,36,"6,40","8,32",23,0,6 / 6,0,1,2,0
8,Caputo,a,SAS,34,"6,34","8,32",21,0,2 / 2,0,6,3,0
9,Ibrahimovic,a,MIL,18,"6,53","8,17",10,0,2 / 3,0,3,1,0
10,Dzeko,a,ROM,35,"6,54","7,97",16,0,0 / 0,0,4,4,0
11,Cornelius,a,PAR,23,"6,33","7,96",12,0,0 / 0,0,2,1,0
12,Muriel,a,ATA,31,"6,26","7,92",18,0,6 / 7,0,1,1,0
13,Berardi,a,SAS,31,"6,53","7,89",14,0,2 / 3,0,7,6,1
14,Dybala,a,JUV,32,"6,70","7,88",11,0,1 / 1,0,7,5,0
15,Kalinic,a,ROM,10,"6,2","7,8",5,0,0 / 0,0,1,1,0
16,Rebic,a,MIL,22,"6,27","7,77",11,0,0 / 0,0,2,5,0
17,Gomez,c,ATA,36,"6,69","7,61",7,0,0 / 0,0,13,2,0
18,Mkhitaryan,c,ROM,22,"6,25","7,59",9,0,0 / 0,0,5,5,0
19,Pazzini,a,VER,9,"6,22","7,56",4,0,3 / 3,0,0,0,0
20,Joao Pedro,a,CAG,36,"6,19","7,56",18,0,4 / 6,0,4,6,0
21,Luis Alberto,c,LAZ,36,"6,60","7,44",6,0,1 / 1,0,15,5,0
22,Kulusevski,c,PAR,36,"6,40","7,42",10,0,1 / 1,0,8,3,0
23,Belotti,a,TOR,35,"6,16","7,41",16,0,7 / 8,0,3,4,0
24,Sanchez,a,INT,17,"6,35","7,41",4,0,1 / 1,0,8,2,1
25,Kouame',a,FIO,18,"6,25","7,39",6,0,0 / 0,0,3,1,0
26,Juwara,a,BOL,3,"6,5","7,33",1,0,0 / 0,0,0,1,0
27,Singo,d,TOR,3,"6,33","7,33",1,0,0 / 0,0,0,0,0
28,Gosens,d,ATA,33,"6,33","7,32",9,0,0 / 0,0,7,3,0
29,Barrow,a,BOL,25,"6,18","7,32",9,0,1 / 2,0,5,1,0
30,Lapadula,a,LEC,24,"6,15","7,31",11,0,2 / 2,0,0,8,1
31,Boga,a,SAS,33,"6,24","7,30",11,0,0 / 0,0,2,0,0
32,Milik,a,NAP,26,"6,12","7,29",11,0,0 / 0,0,0,5,0
33,Nainggolan,c,CAG,26,"6,44","7,23",6,0,0 / 0,0,5,5,0
34,Martinez L.,a,INT,35,"6,14","7,21",14,0,2 / 3,0,3,7,1
35,Raspadori,a,SAS,7,"6,36","7,21",2,0,0 / 0,0,0,0,0
36,Mertens,a,NAP,31,"6,19","7,18",9,0,0 / 0,0,6,5,0
37,Pandev,a,GEN,29,"6,24","7,16",9,0,0 / 0,0,2,4,1
38,Calhanoglu,c,MIL,35,"6,2","7,14",9,0,1 / 1,0,9,6,0
39,Sensi,c,INT,12,"6,38","7,12",3,0,0 / 0,0,1,2,0
40,Gabbiadini,a,SAM,32,"6,08","7,11",11,0,1 / 1,0,1,2,0
41,Bonazzoli,a,SAM,18,"6,14","7,11",6,0,0 / 0,0,0,1,0
42,Mancosu,c,LEC,33,"5,98","7,09",14,0,9 / 11,0,2,3,0
43,Young,d,INT,17,"6,18","7,09",4,0,0 / 0,0,4,1,0
44,Correa,a,LAZ,30,"6,2","7,07",9,0,0 / 1,0,2,0,0
45,Chiesa,c,FIO,34,"6,21","7,04",10,0,1 / 2,0,5,7,0
46,Perotti,c,ROM,16,"6,06","7,03",5,0,4 / 4,0,3,3,1
47,Chiellini,d,JUV,4,"6,25","7,0",1,0,0 / 0,0,0,0,0
48,Quagliarella,a,SAM,28,"5,96","7,0",11,0,5 / 7,0,3,2,0
49,Simeone,a,CAG,37,"6,0","7,0",12,0,0 / 0,0,3,4,0
50,Torregrossa,a,BRE,25,"6,22","6,98",7,0,2 / 2,0,2,8,0
51,Higuain,a,JUV,30,"6,1","6,97",8,0,0 / 0,0,3,2,0
52,Malinovskyi,c,ATA,32,"6,30","6,94",8,0,0 / 1,0,3,5,1
53,Ribery,c,FIO,21,"6,48","6,93",3,0,0 / 0,0,3,3,1
54,De Paul,c,UDI,34,"6,24","6,90",7,0,0 / 0,0,5,5,1
55,Caicedo,a,LAZ,28,"6,12","6,89",9,0,0 / 1,0,1,7,0
56,Candreva,c,INT,30,"6,23","6,88",5,0,0 / 0,0,7,5,0
57,Falco,a,LEC,29,"6,26","6,88",4,0,0 / 0,0,6,0,0
58,Di Carmine,a,VER,21,"5,95","6,88",8,0,1 / 2,0,0,3,0
59,Llorente,a,NAP,11,"6,0","6,86",3,0,0 / 0,0,1,1,0
60,Insigne,a,NAP,37,"6,09","6,84",8,0,5 / 5,0,4,1,0
61,Zaniolo,c,ROM,25,"6,2","6,84",6,0,0 / 0,0,2,8,0
62,Demiral,d,JUV,6,"6,25","6,83",1,0,0 / 0,0,1,1,0
63,Esposito,a,INT,3,"6,0","6,83",1,0,1 / 1,0,0,1,0
64,Ramirez,c,SAM,24,"5,96","6,81",7,0,3 / 3,0,2,5,0
65,Sanabria,a,GEN,23,"6,0","6,80",6,0,0 / 0,0,2,3,0
66,Rafael Leao,a,MIL,27,"6,09","6,80",6,0,0 / 0,0,1,0,0
67,Lasagna,a,UDI,36,"5,94","6,79",10,0,0 / 0,0,1,1,0
68,Pasalic,c,ATA,34,"6,06","6,79",9,0,0 / 0,0,3,6,0
69,Petagna,a,SPA,36,"5,99","6,78",12,0,5 / 7,0,1,5,0
70,Palacio,a,BOL,33,"6,08","6,73",7,0,0 / 0,0,3,5,0
71,Orsolini,a,BOL,37,"5,95","6,72",8,0,0 / 0,0,6,3,0
72,Hernandez T.,d,MIL,33,"6,32","6,71",6,0,0 / 0,0,2,10,0
73,Djuricic,c,SAS,27,"6,15","6,70",5,0,0 / 0,0,3,6,0
74,Veretout,c,ROM,32,"6,23","6,70",6,0,5 / 5,0,0,6,0
75,Kucka,c,PAR,26,"6,04","6,69",6,0,2 / 2,0,2,4,1
76,Defrel,a,SAS,17,"6,0","6,68",3,0,1 / 1,0,3,1,0
77,Milinkovic-Savic,c,LAZ,37,"6,15","6,68",7,0,0 / 0,0,3,9,0
78,Fofana,c,UDI,31,"6,23","6,68",3,0,0 / 0,0,7,4,0
79,D'ambrosio,d,INT,18,"6,17","6,67",4,0,0 / 0,0,0,6,0
80,Askildsen,c,SAM,3,"6,0","6,67",1,0,0 / 0,0,0,0,1
81,Soriano,c,BOL,29,"6,12","6,66",5,0,0 / 0,0,4,3,2
82,Gervinho,a,PAR,30,"5,97","6,65",7,0,0 / 1,0,4,3,0
83,Ansaldi,c,TOR,26,"6,21","6,65",4,0,0 / 0,0,4,9,0
84,Pessina,c,VER,35,"6,14","6,64",7,0,0 / 0,0,0,7,0
85,Lazovic,c,VER,38,"6,25","6,62",3,0,0 / 0,0,7,4,0
86,Adekanye,a,LAZ,4,"6,0","6,62",1,0,0 / 0,0,0,1,0
87,Cutrone,a,FIO,18,"5,92","6,61",4,0,0 / 0,0,1,1,0
88,Berenguer,c,TOR,27,"5,94","6,61",6,0,0 / 0,0,2,4,0
89,De Vrij,d,INT,34,"6,29","6,60",4,0,0 / 0,0,1,5,0
90,Brozovic,c,INT,32,"6,28","6,58",3,0,0 / 0,0,5,9,0
91,Callejon,c,NAP,32,"6,02","6,58",4,0,0 / 0,0,7,2,0
92,Douglas Costa,c,JUV,18,"6,22","6,58",1,0,0 / 0,0,4,1,0
93,Castillejo,c,MIL,18,"6,17","6,58",2,0,0 / 0,0,3,3,0
94,Okaka,a,UDI,33,"5,94","6,58",8,0,0 / 0,0,2,10,0
95,Under,c,ROM,15,"6,0","6,57",3,0,0 / 0,0,0,2,0
96,Donnarumma Al.,a,BRE,27,"5,74","6,57",7,0,2 / 2,0,2,1,0
97,Bonaventura,c,MIL,26,"6,04","6,54",3,0,0 / 0,0,5,2,0
98,Criscito,d,GEN,25,"5,96","6,54",8,0,8 / 10,0,0,7,0
99,Kolarov,d,ROM,31,"6,03","6,53",7,0,2 / 4,0,3,6,0
100,Smalling,d,ROM,30,"6,23","6,53",3,0,0 / 0,0,1,2,0
101,Faraoni,d,VER,36,"6,10","6,51",5,0,0 / 0,0,3,6,0
102,Pulgar,c,FIO,35,"5,96","6,51",7,0,7 / 8,0,6,9,0
103,Zaza,a,TOR,23,"5,83","6,5",6,0,0 / 0,0,1,7,0
104,Linetty,c,SAM,28,"6,04","6,5",4,0,0 / 0,0,3,4,0
105,Marusic,c,LAZ,14,"6,11","6,5",2,0,0 / 0,0,1,3,0
106,Younes,c,NAP,4,"5,88","6,5",1,0,0 / 0,0,0,1,0
107,Oliva,c,CAG,10,"6,15","6,5",1,0,0 / 0,0,1,1,0
108,Colley E.,c,ATA,2,"6,25","6,5",0,0,0 / 0,0,1,1,0
109,La Mantia,a,LEC,9,"5,89","6,5",2,0,0 / 0,0,0,1,0
110,Calafiori,d,ROM,1,"6,5","6,5",0,0,0 / 0,0,0,0,0
111,Pellegrini Lo.,c,ROM,27,"6,19","6,48",1,0,0 / 0,0,9,6,1
112,Saponara,c,LEC,16,"6,0","6,47",2,0,0 / 0,0,3,3,0
113,Bruno Peres,d,ROM,15,"6,03","6,47",2,0,0 / 0,0,2,3,0
114,Balotelli,a,BRE,19,"5,87","6,47",5,0,0 / 0,0,0,5,1
115,Pjanic,c,JUV,29,"6,14","6,45",3,0,0 / 0,0,5,10,0
116,Moses,c,INT,10,"6,2","6,45",0,0,0 / 0,0,3,1,0
117,Traore' Hj.,c,SAS,28,"6,04","6,45",4,0,0 / 0,0,1,3,0
118,Castrovilli,c,FIO,33,"6,27","6,45",3,0,0 / 0,0,2,10,0
119,Acerbi,d,LAZ,36,"6,28","6,44",2,0,0 / 0,0,2,4,0
120,Ruiz,c,NAP,33,"6,02","6,44",3,0,0 / 0,0,6,2,0
121,Borja Valero,c,INT,14,"6,11","6,43",2,0,0 / 0,0,0,4,0
122,Biraghi,d,INT,23,"5,98","6,43",2,0,0 / 0,0,6,3,0
123,Borini,c,VER,15,"5,97","6,43",3,0,1 / 1,0,0,2,1
124,Ramsey,c,JUV,21,"6,02","6,43",3,0,0 / 0,0,0,2,0
125,Gagliardini,c,INT,24,"6,02","6,42",4,0,0 / 0,0,0,5,0
126,Caprari,a,PAR,26,"5,94","6,42",5,0,1 / 1,0,0,3,1
127,Stepinski,a,VER,13,"5,85","6,42",3,0,0 / 0,0,1,3,1
128,Carles Perez,a,ROM,12,"6,0","6,42",1,0,0 / 0,0,3,2,0
129,Milenkovic,d,FIO,37,"6,12","6,41",5,0,0 / 0,0,0,9,0
130,Vlahovic,a,FIO,27,"5,85","6,41",6,0,1 / 1,0,0,4,1
131,Lozano,a,NAP,22,"5,89","6,41",4,0,0 / 0,0,1,3,0
132,Manolas,d,NAP,25,"5,96","6,4",4,0,0 / 0,0,0,2,0
133,De Ligt,d,JUV,29,"6,07","6,40",4,0,0 / 0,0,0,5,0
134,Politano,a,NAP,22,"6,05","6,39",2,0,0 / 0,0,2,1,0
135,Zaccagni,c,VER,33,"6,14","6,39",2,0,0 / 0,0,5,5,0
136,Haraslin,a,SAS,9,"6,0","6,39",1,0,0 / 0,0,1,1,0
137,Duncan,c,FIO,24,"6,02","6,38",2,0,0 / 0,0,5,5,0
138,Miguel Veloso,c,VER,34,"6,12","6,38",3,0,0 / 0,0,3,6,0
139,Kluivert,c,ROM,21,"5,95","6,38",4,0,0 / 0,0,0,4,1
140,Scozzarella,c,PAR,14,"6,21","6,36",0,0,0 / 0,0,3,2,0
141,Inglese,a,PAR,16,"5,81","6,34",4,0,0 / 1,0,0,1,0
142,Toloi,d,ATA,30,"6,15","6,32",2,0,0 / 0,0,4,11,0
143,Muldur,d,SAS,20,"6,02","6,32",2,0,0 / 0,0,2,4,0
144,Gagliolo,d,PAR,31,"6,03","6,31",3,0,0 / 0,0,3,7,0
145,Freuler,c,ATA,30,"6,12","6,3",2,0,0 / 0,0,1,3,0
146,Spinazzola,d,ROM,22,"6,11","6,30",1,0,0 / 0,0,2,2,0
147,Bonucci,d,JUV,35,"6,16","6,29",3,0,0 / 0,0,0,9,0
148,Verre,c,VER,29,"5,95","6,26",3,0,2 / 2,0,2,4,0
149,Locatelli,c,SAS,33,"6,33","6,26",0,0,0 / 0,0,4,9,0
150,Amrabat,c,VER,34,"6,35","6,26",1,0,1 / 1,0,1,10,2
151,Allan,c,NAP,17,"5,88","6,24",2,0,0 / 0,0,1,3,0
152,Nandez,c,CAG,35,"6,19","6,24",2,0,0 / 0,0,3,14,0
153,Eriksen,c,INT,13,"5,85","6,23",1,0,0 / 0,0,2,0,0
154,Vecino,c,INT,18,"5,94","6,22",2,0,0 / 0,0,1,4,0
155,Cataldi,c,LAZ,16,"6,09","6,22",1,0,0 / 0,0,0,3,0
156,Cuadrado,c,JUV,33,"6,08","6,21",2,0,0 / 0,0,3,7,1
157,Di Lorenzo,d,NAP,33,"5,92","6,21",3,0,0 / 0,0,3,5,0
158,Castagne,d,ATA,25,"6,1","6,2",1,0,0 / 0,0,1,4,0
159,Salcedo E.,a,VER,15,"6,0","6,2",1,0,0 / 0,0,0,0,0
160,Asamoah,d,INT,8,"6,12","6,19",0,0,0 / 0,0,1,1,0
161,Djimsiti,d,ATA,34,"6,06","6,19",2,0,0 / 0,0,1,5,0
162,Piatek,a,MIL,18,"5,56","6,19",4,0,3 / 3,0,0,1,0
163,Tonali,c,BRE,35,"6,03","6,19",1,0,0 / 0,0,7,9,0
164,Ragatzu,a,CAG,8,"5,81","6,19",1,0,0 / 0,0,0,1,0
165,Di Francesco F.,c,SPA,17,"5,94","6,18",2,0,0 / 0,0,0,4,0
166,Barak,c,LEC,22,"5,89","6,18",2,0,0 / 0,0,1,1,0
167,D'alessandro,c,SPA,15,"5,83","6,17",2,0,0 / 0,0,0,0,1
168,Verdi,c,TOR,32,"5,86","6,17",2,0,0 / 0,0,6,4,0
169,Siligardi,a,PAR,6,"6,0","6,17",0,0,0 / 0,0,1,0,0
170,Dzemaili,c,BOL,12,"5,92","6,17",1,0,0 / 0,0,1,2,0
171,Nestorovski,a,UDI,21,"5,79","6,17",3,0,0 / 0,0,1,4,0
172,Bentancur,c,JUV,29,"6,09","6,17",0,0,0 / 0,0,7,9,0
173,Tameze,c,ATA,3,"6,17","6,17",0,0,0 / 0,0,0,0,0
174,Zielinski,c,NAP,36,"5,96","6,15",2,0,0 / 0,0,3,4,0
175,Poli,c,BOL,27,"6,02","6,15",2,0,0 / 0,0,0,5,0
176,Pinamonti,a,GEN,30,"5,73","6,15",5,0,1 / 2,0,1,1,0
177,Pussetto,a,UDI,10,"5,9","6,15",1,0,0 / 0,0,0,1,0
178,Farias,a,LEC,18,"5,92","6,14",2,0,0 / 0,0,0,2,1
179,Rog,c,CAG,29,"6,17","6,14",1,0,0 / 0,0,1,10,0
180,Valoti,c,SPA,25,"5,88","6,14",3,0,0 / 0,0,1,7,0
181,Stryger Larsen,d,UDI,33,"6,03","6,14",1,0,0 / 0,0,3,5,0
182,Kumbulla,d,VER,25,"6,16","6,14",1,0,0 / 0,0,0,5,1
183,De Roon,c,ATA,34,"6,04","6,13",2,0,0 / 0,0,5,12,0
184,Bani,d,BOL,27,"5,91","6,13",4,0,0 / 0,0,0,10,1
185,Castro,c,SPA,21,"5,88","6,12",2,0,0 / 0,0,0,2,0
186,Iago Falque,a,GEN,13,"5,88","6,12",2,0,2 / 3,0,0,0,0
187,Benassi,c,FIO,16,"5,88","6,12",1,0,0 / 0,0,1,1,0
188,Lazzari,c,LAZ,32,"6,16","6,12",0,0,0 / 0,0,2,6,0
189,Pezzella Ger.,d,FIO,32,"6,03","6,12",3,0,0 / 0,0,0,12,0
190,Godin,d,INT,20,"6,05","6,12",1,0,0 / 0,0,1,5,0
191,Kurtic,c,PAR,36,"5,89","6,11",4,0,0 / 0,0,1,10,0
192,Svanberg,c,BOL,18,"5,94","6,11",1,0,0 / 0,0,1,2,0
193,Kessie',c,MIL,35,"5,8","6,1",4,0,2 / 2,0,0,3,0
194,Jagiello,c,GEN,10,"5,9","6,1",0,0,0 / 0,0,2,0,0
195,Lukaku J.,d,LAZ,11,"6,0","6,09",0,0,0 / 0,0,2,2,0
196,Bremer,d,TOR,27,"5,87","6,09",3,0,0 / 0,0,0,2,2
197,Augello,d,SAM,16,"6,03","6,09",0,0,0 / 0,0,2,2,0
198,Diawara,c,ROM,20,"6,02","6,08",1,0,1 / 1,0,0,4,0
199,Jankto,c,SAM,30,"5,88","6,08",2,0,0 / 0,0,4,8,0
200,Bastoni,d,INT,25,"6,02","6,08",2,0,0 / 0,0,0,7,1
201,Palomino,d,ATA,30,"6,0","6,08",2,0,0 / 0,0,1,5,0
202,Leris,c,SAM,13,"5,85","6,08",1,0,0 / 0,0,0,0,0
203,Lobotka,c,NAP,13,"6,08","6,08",0,0,0 / 0,0,0,0,0
204,Sema,c,UDI,30,"5,95","6,08",2,0,0 / 0,0,1,6,0
205,Saelemaekers,c,MIL,12,"6,0","6,08",1,0,0 / 0,0,0,2,1
206,Ceppitelli,d,CAG,15,"5,97","6,07",2,0,0 / 0,0,0,5,0
207,Barella,c,INT,27,"6,06","6,07",1,0,0 / 0,0,3,11,0
208,Dominguez,c,BOL,14,"6,04","6,07",0,0,0 / 0,0,1,1,0
209,Romagnoli,d,MIL,35,"6,03","6,06",1,0,0 / 0,0,0,4,0
210,Pastore,c,ROM,8,"6,06","6,06",0,0,0 / 0,0,0,0,0
211,Soumaoro,d,GEN,8,"5,81","6,06",1,0,0 / 0,0,0,2,0
212,Elmas,c,NAP,19,"6,0","6,05",1,0,0 / 0,0,1,7,0
213,Grassi,c,PAR,14,"5,96","6,04",1,0,0 / 0,0,1,6,0
214,Demme,c,NAP,14,"6,04","6,04",1,0,0 / 0,0,0,6,0
215,Hysaj,d,NAP,19,"5,84","6,03",1,0,0 / 0,0,2,3,0
216,Rogerio,d,SAS,15,"5,97","6,03",1,0,0 / 0,0,1,6,0
217,Sansone,a,BOL,32,"5,75","6,02",4,0,3 / 4,0,2,5,0
218,Nuytinck,d,UDI,26,"6,06","6,02",0,0,0 / 0,0,0,2,0
219,Tomiyasu,d,BOL,29,"5,95","6,02",1,0,0 / 0,0,3,8,0
220,Kyriakopoulos,d,SAS,22,"6,02","6,02",0,0,0 / 0,0,2,4,0
221,Mattiello,d,CAG,15,"6,03","6,0",0,0,0 / 0,0,1,3,0
222,Cerri,a,SPA,15,"5,67","6,0",2,0,0 / 0,0,0,2,0
223,Ghoulam,d,NAP,8,"6,0","6,0",0,0,0 / 0,0,1,2,0
224,Alex Sandro,d,JUV,29,"5,90","6,0",1,0,0 / 0,0,2,4,0
225,Deiola,c,LEC,10,"5,75","6,0",1,0,0 / 0,0,1,3,0
226,Pinsoglio,p,JUV,1,"6,0","6,0",0,0,0 / 0,0,0,0,0
227,Morosini,c,BRE,1,"6,0","6,0",0,0,0 / 0,0,0,0,0
228,Karamoh,a,PAR,11,"5,64","6,0",1,0,0 / 0,0,1,0,0
229,Magnani,d,SAS,6,"5,75","6,0",1,0,0 / 0,0,0,3,0
230,Berisha V.,c,LAZ,1,"6,0","6,0",0,0,0 / 0,0,0,0,0
231,Kingsley,c,BOL,1,"6,0","6,0",0,0,0 / 0,0,0,0,0
232,Zanimacchia,a,JUV,2,"6,0","6,0",0,0,0 / 0,0,0,0,0
233,Malcuit,d,NAP,3,"6,0","6,0",0,0,0 / 0,0,0,0,0
234,Gumus,a,GEN,2,"6,0","6,0",0,0,0 / 0,0,0,0,0
235,Chabot,d,SAM,8,"5,81","6,0",1,0,0 / 0,0,0,1,1
236,Pinna,d,CAG,1,"6,5","6,0",0,0,0 / 0,0,0,1,0
237,Rovella,c,GEN,2,"6,0","6,0",0,0,0 / 0,0,0,0,0
238,Calderoni,d,LEC,24,"5,69","6,0",3,0,0 / 0,0,2,7,0
239,Vitale L,d,VER,1,"6,0","6,0",0,0,0 / 0,0,0,0,0
240,Lucas Felippe,c,VER,1,"6,0","6,0",0,0,0 / 0,0,0,0,0
241,Zmrhal,c,BRE,17,"5,65","6,0",2,0,0 / 0,0,0,0,0
242,Arana,d,ATA,2,"6,0","6,0",0,0,0 / 0,0,0,0,0
243,Cleonise,a,GEN,2,"6,0","6,0",0,0,0 / 0,0,0,2,0
244,Czyborra,d,ATA,1,"6,0","6,0",0,0,0 / 0,0,0,0,0
245,Bellanova,d,ATA,1,"6,0","6,0",0,0,0 / 0,0,0,0,0
246,Maldini,c,MIL,1,"6,0","6,0",0,0,0 / 0,0,0,0,0
247,Cigarini,c,CAG,20,"6,02","5,98",0,0,0 / 0,0,3,6,1
248,Maksimovic,d,NAP,22,"5,84","5,98",1,0,0 / 0,0,1,2,0
249,Danilo Lar.,d,BOL,30,"5,95","5,97",2,0,0 / 0,0,0,9,1
250,Darmian,d,PAR,32,"5,94","5,97",1,0,0 / 0,0,1,6,0
251,Dabo,c,SPA,16,"5,72","5,97",1,0,0 / 0,0,3,4,0
252,Iacoponi,d,PAR,35,"5,9","5,97",2,0,0 / 0,0,0,7,0
253,Dermaku,d,PAR,14,"6,04","5,96",0,0,0 / 0,0,0,2,0
254,Krejci,c,BOL,14,"5,82","5,96",1,0,0 / 0,0,0,2,0
255,Luiz Felipe,d,LAZ,25,"5,92","5,96",1,0,0 / 0,0,1,6,0
256,Sprocati,a,PAR,13,"5,73","5,96",1,0,0 / 0,0,0,0,0
257,Toljan,d,SAS,28,"5,93","5,96",1,0,0 / 0,0,2,8,0
258,Romulo,c,BRE,22,"5,75","5,95",1,0,0 / 0,0,3,3,0
259,Hateboer,d,ATA,30,"5,98","5,95",0,0,0 / 0,0,4,10,0
260,Bennacer,c,MIL,31,"6,08","5,95",1,0,0 / 0,0,0,14,0
261,Schone,c,GEN,32,"5,88","5,95",2,0,0 / 1,0,2,5,0
262,Dimarco,d,VER,8,"6,0","5,94",0,0,0 / 0,0,2,1,0
263,Rrahmani,d,VER,36,"5,99","5,94",0,0,0 / 0,0,1,5,0
264,Ranocchia,d,INT,7,"6,14","5,93",0,0,0 / 0,0,0,3,0
265,Rabiot,c,JUV,28,"5,91","5,93",1,0,0 / 0,0,1,5,1
266,Yoshida,d,SAM,14,"5,89","5,93",0,0,0 / 0,0,1,1,0
267,Petriccione,c,LEC,31,"5,98","5,92",0,0,0 / 0,0,3,10,0
268,De Maio,d,UDI,18,"5,94","5,92",0,0,0 / 0,0,0,1,0
269,Bruno Alves,d,PAR,32,"5,98","5,92",0,0,0 / 0,0,0,4,0
270,Mandragora,c,UDI,25,"5,88","5,92",0,0,0 / 0,0,2,2,0
271,Lazaro,c,INT,6,"5,92","5,92",0,0,0 / 0,0,1,2,0
272,Bisoli,c,BRE,25,"5,88","5,92",1,0,0 / 0,0,1,6,0
273,Baselli,c,TOR,16,"5,88","5,91",0,0,0 / 0,0,2,3,0
274,Danilo,d,JUV,22,"5,73","5,91",2,0,0 / 0,0,0,2,1
275,Strefezza,c,SPA,32,"5,89","5,91",1,0,0 / 0,0,2,7,1
276,Lulic,c,LAZ,20,"5,95","5,9",0,0,0 / 0,0,2,6,0
277,Regini,d,PAR,5,"5,9","5,9",0,0,0 / 0,0,0,0,0
278,Pegolo,p,SAS,5,"6,7","5,9",0,4,0 / 0,0,0,0,0
279,Sabelli,d,BRE,36,"5,94","5,90",0,0,0 / 0,0,3,5,0
280,N'koulou,d,TOR,31,"5,89","5,90",1,0,0 / 0,0,0,3,1
281,Kjaer,d,MIL,20,"6,0","5,9",0,0,0 / 0,0,0,4,0
282,Pellegrini Lu.,d,CAG,24,"5,90","5,90",0,0,0 / 0,0,5,10,0
283,Vera,d,LEC,5,"5,7","5,9",0,0,0 / 0,0,1,0,0
284,Chancellor,d,BRE,26,"5,69","5,90",3,0,0 / 0,0,0,3,0
285,Semprini,d,BRE,10,"5,7","5,9",1,0,0 / 0,0,0,2,0
286,Dawidowicz,d,VER,10,"5,9","5,9",1,0,0 / 0,0,0,2,2
287,Agudelo,c,FIO,10,"5,85","5,9",1,0,0 / 0,0,0,3,1
288,Ghiglione,d,GEN,23,"5,76","5,89",0,0,0 / 0,0,5,4,0
289,Edera,a,TOR,9,"5,67","5,89",1,0,0 / 0,0,1,2,1
290,Laurini,d,PAR,13,"5,88","5,88",0,0,0 / 0,0,2,4,0
291,Radu,d,LAZ,29,"5,91","5,88",1,0,0 / 0,0,0,8,0
292,Boateng,a,FIO,12,"5,71","5,88",1,0,0 / 0,0,0,2,0
293,Cristante,c,ROM,24,"5,83","5,88",1,0,0 / 0,0,2,7,1
294,Caldara,d,ATA,13,"5,85","5,88",0,0,0 / 0,0,1,1,0
295,Donati,d,LEC,20,"5,92","5,88",1,0,0 / 0,0,0,4,0
296,Shakhov,c,LEC,21,"5,71","5,88",1,0,0 / 0,0,2,3,0
297,Meccariello,d,LEC,12,"5,67","5,88",1,0,0 / 0,0,0,2,0
298,Majer,c,LEC,27,"5,85","5,87",1,0,0 / 0,0,1,7,0
299,Krunic,c,MIL,11,"5,91","5,86",0,0,0 / 0,0,1,3,0
300,De Sciglio,d,JUV,7,"5,93","5,86",0,0,0 / 0,0,0,1,0
301,Skriniar,d,INT,32,"6,06","5,86",0,0,0 / 0,0,0,7,1
302,Matuidi,c,JUV,32,"5,86","5,86",0,0,0 / 0,0,1,2,0
303,Rincon,c,TOR,31,"5,87","5,85",1,0,0 / 0,0,2,11,0
304,Caceres,d,FIO,27,"5,93","5,85",1,0,0 / 0,0,0,8,1
305,Brugman,c,PAR,20,"5,9","5,85",0,0,0 / 0,0,1,5,0
306,Florenzi,d,ROM,13,"5,96","5,85",0,0,0 / 0,0,1,5,0
307,Magnanelli,c,SAS,17,"6,0","5,85",0,0,0 / 0,0,0,5,0
308,Bonifazi,d,SPA,17,"5,56","5,85",2,0,0 / 0,0,0,2,0
309,Walace,c,UDI,17,"5,91","5,85",0,0,0 / 0,0,0,2,0
310,Tabanelli,c,LEC,13,"5,77","5,85",1,0,0 / 0,0,0,4,0
311,Sturaro,c,GEN,16,"5,81","5,84",1,0,0 / 0,0,1,7,0
312,Parolo,c,LAZ,28,"5,88","5,84",1,0,0 / 0,0,0,8,0
313,Lucas Leiva,c,LAZ,25,"6,0","5,84",0,0,0 / 0,0,1,8,1
314,Barilla',c,PAR,25,"5,8","5,84",1,0,0 / 0,0,1,6,0
315,Rodrigo Becao,d,UDI,28,"5,88","5,84",1,0,0 / 0,0,0,8,0
316,Khedira,c,JUV,12,"5,88","5,83",0,0,0 / 0,0,1,3,0
317,Zappacosta,d,ROM,9,"5,72","5,83",0,0,0 / 0,0,1,0,0
318,Lirola,d,FIO,35,"5,83","5,83",0,0,0 / 0,0,2,4,0
319,Fazio,d,ROM,15,"5,77","5,83",1,0,0 / 0,0,0,2,1
320,Mancini,d,ROM,32,"5,98","5,83",1,0,0 / 0,0,0,14,1
321,Ibanez,d,ROM,9,"5,94","5,83",0,0,0 / 0,0,0,2,0
322,Gabbia,d,MIL,9,"5,89","5,83",0,0,0 / 0,0,0,1,0
323,Hernani,c,PAR,32,"5,86","5,83",0,0,0 / 0,0,4,10,0
324,Henderson L.,c,VER,3,"6,0","5,83",0,0,0 / 0,0,0,1,0
325,Ferrari G.,d,SAS,22,"5,89","5,82",0,0,0 / 0,0,1,5,0
326,Farago',c,CAG,19,"5,79","5,82",1,0,0 / 0,0,1,3,0
327,Ekdal,c,SAM,30,"5,88","5,82",0,0,0 / 0,0,2,8,0
328,Zeegelaar,d,UDI,11,"5,77","5,82",0,0,0 / 0,0,2,3,0
329,Izzo,d,TOR,31,"5,85","5,81",1,0,0 / 0,0,0,5,2
330,Romagna,d,SAS,18,"5,89","5,81",0,0,0 / 0,0,0,3,0
331,Skov Olsen,a,BOL,21,"5,67","5,81",1,0,0 / 0,0,0,2,0
332,Pereiro,c,CAG,8,"5,62","5,81",1,0,0 / 0,0,0,3,0
333,Ghezzal,c,FIO,15,"5,77","5,8",1,0,0 / 0,0,0,5,0
334,Romero,d,GEN,30,"5,92","5,8",1,0,0 / 0,0,1,13,1
335,Samir,d,UDI,19,"5,71","5,79",1,0,0 / 0,0,0,3,0
336,Radovanovic,c,GEN,16,"5,88","5,78",0,0,0 / 0,0,0,3,0
337,Suso,c,MIL,16,"5,53","5,78",1,0,0 / 0,0,2,2,0
338,Missiroli,c,SPA,34,"5,79","5,78",1,0,0 / 0,0,0,7,0
339,Chiriches,d,SAS,9,"5,78","5,78",0,0,0 / 0,0,0,0,0
340,Vavro,d,LAZ,9,"5,78","5,78",0,0,0 / 0,0,0,0,0
341,Dessena,c,BRE,24,"5,67","5,77",2,0,0 / 0,0,0,5,1
342,Venuti,d,FIO,13,"5,85","5,77",0,0,0 / 0,0,1,4,0
343,Empereur,d,VER,11,"5,91","5,77",0,0,0 / 0,0,0,3,0
344,Mario Rui,d,NAP,23,"5,87","5,76",0,0,0 / 0,0,2,9,0
345,Patric,d,LAZ,21,"5,86","5,76",0,0,0 / 0,0,0,2,1
346,Valdifiori,c,SPA,21,"5,74","5,76",0,0,0 / 0,0,3,5,0
347,Pisacane,d,CAG,29,"5,79","5,76",1,0,0 / 0,0,0,6,1
348,Lerager,c,GEN,21,"5,69","5,76",1,0,0 / 0,0,1,5,0
349,De Silvestri,d,TOR,26,"5,79","5,75",0,0,0 / 0,0,0,2,0
350,Barreto,c,SAM,2,"5,75","5,75",0,0,0 / 0,0,0,0,0
351,Ceccherini,d,FIO,10,"5,9","5,75",0,0,0 / 0,0,0,3,0
352,Agoume,c,INT,2,"6,0","5,75",0,0,0 / 0,0,0,1,0
353,Tutino,a,VER,4,"5,75","5,75",0,0,0 / 0,0,0,0,0
354,Sutalo,d,ATA,4,"5,88","5,75",0,0,0 / 0,0,0,1,0
355,Barreca,d,GEN,17,"5,68","5,74",0,0,0 / 0,0,1,0,0
356,Depaoli,d,SAM,27,"5,81","5,74",0,0,0 / 0,0,1,7,0
357,Marlon,d,SAS,23,"5,89","5,74",0,0,0 / 0,0,0,7,0
358,Goldaniga,d,GEN,11,"5,64","5,73",1,0,0 / 0,0,0,4,0
359,Jajalo,c,UDI,24,"5,90","5,73",0,0,0 / 0,0,0,6,1
360,Gunter,d,VER,31,"5,84","5,73",0,0,0 / 0,0,0,7,0
361,Calabria,d,MIL,23,"5,67","5,72",1,0,0 / 0,0,1,2,2
362,Lukic,c,TOR,27,"5,70","5,72",1,0,0 / 0,0,1,5,1
363,Mbaye,d,BOL,19,"5,74","5,71",0,0,0 / 0,0,2,5,0
364,Floccari,a,SPA,17,"5,62","5,71",1,0,0 / 0,0,0,3,0
365,Bastos,d,LAZ,14,"5,79","5,71",1,0,0 / 0,0,0,4,0
366,Santander,a,BOL,17,"5,71","5,71",1,0,1 / 1,0,0,6,0
367,Ter Avest,d,UDI,14,"5,75","5,71",0,0,0 / 0,0,0,1,0
368,Cistana,d,BRE,21,"5,76","5,71",1,0,0 / 0,0,0,6,1
369,Badelj,c,FIO,20,"5,62","5,7",1,0,0 / 0,0,0,1,1
370,Laxalt,c,MIL,15,"5,73","5,7",0,0,0 / 0,0,1,4,0
371,Ionita,c,CAG,28,"5,73","5,70",0,0,0 / 0,0,2,6,0
372,Bocchetti,d,VER,5,"5,9","5,7",0,0,0 / 0,0,0,2,0
373,Babacar,a,LEC,24,"5,65","5,69",3,0,0 / 2,0,0,4,0
374,Ankersen,d,GEN,16,"5,69","5,69",0,0,0 / 0,0,1,2,0
375,Masiello,d,GEN,22,"5,75","5,68",0,0,0 / 0,0,1,5,0
376,Lucioni,d,LEC,36,"5,62","5,68",3,0,0 / 0,0,0,8,1
377,Dalbert,d,FIO,31,"5,71","5,68",0,0,0 / 0,0,4,8,1
378,Sottil,a,FIO,11,"5,77","5,68",0,0,0 / 0,0,0,3,0
379,Klavan,d,CAG,28,"5,82","5,68",0,0,0 / 0,0,0,4,0
380,Medel,c,BOL,23,"5,93","5,67",0,0,0 / 0,0,0,10,1
381,La Gumina,a,SAM,3,"5,67","5,67",0,0,0 / 0,0,0,0,0
382,Millico,a,TOR,6,"5,67","5,67",0,0,0 / 0,0,0,0,0
383,Anderson A.,c,LAZ,3,"5,67","5,67",0,0,0 / 0,0,0,0,0
384,Anderson D.,c,LAZ,3,"5,83","5,67",0,0,0 / 0,0,0,1,0
385,Pedro G.,a,FIO,3,"5,67","5,67",0,0,0 / 0,0,0,0,0
386,Villar,c,ROM,6,"5,83","5,67",0,0,0 / 0,0,0,3,0
387,Zapata C.,d,GEN,19,"5,71","5,66",1,0,0 / 0,0,0,4,0
388,Reca,d,SPA,25,"5,62","5,66",0,0,0 / 0,0,2,2,0
389,Obiang,c,SAS,22,"5,84","5,66",1,0,0 / 0,0,0,10,0
390,Thorsby,c,SAM,23,"5,76","5,65",1,0,0 / 0,0,1,7,1
391,Spalek,c,BRE,24,"5,46","5,65",2,0,0 / 0,0,1,5,0
392,Gastaldello,d,BRE,7,"5,71","5,64",0,0,0 / 0,0,0,1,0
393,Cassata,c,GEN,22,"5,64","5,64",2,0,0 / 0,0,0,9,2
394,Meite',c,TOR,29,"5,69","5,64",0,0,0 / 0,0,1,5,0
395,Terracciano,p,FIO,7,"6,36","5,64",0,5,0 / 0,0,0,0,0
396,Rigoni E,a,SAM,7,"5,64","5,64",0,0,0 / 0,0,1,2,0
397,Troost-Ekong,d,UDI,29,"5,72","5,64",0,0,0 / 0,0,0,5,0
398,Walukiewicz,d,CAG,14,"5,68","5,64",0,0,0 / 0,0,0,1,0
399,Papetti,d,BRE,11,"5,59","5,64",1,0,0 / 0,0,0,5,0
400,Rossettini,d,LEC,26,"5,69","5,63",0,0,0 / 0,0,1,5,0
401,Cacciatore,d,CAG,15,"5,73","5,63",0,0,0 / 0,0,0,1,1
402,Conti,d,MIL,21,"5,71","5,62",0,0,0 / 0,0,2,8,0
403,Ferrari A.,d,SAM,12,"5,79","5,62",0,0,0 / 0,0,0,4,0
404,Tonelli,d,SAM,9,"5,83","5,61",0,0,0 / 0,0,0,4,0
405,Lykogiannis,d,CAG,19,"5,66","5,61",0,0,0 / 0,0,1,4,0
406,Mirante,p,ROM,5,"6,6","5,6",0,5,0 / 0,0,0,0,0
407,Bertolacci,c,SAM,10,"5,75","5,6",0,0,0 / 0,0,0,3,0
408,Favilli,a,GEN,15,"5,73","5,6",0,0,0 / 0,0,0,4,0
409,Pajac,d,GEN,10,"5,65","5,6",0,0,0 / 0,0,0,1,0
410,Martella,d,BRE,20,"5,68","5,6",0,0,0 / 0,0,0,3,0
411,Colley,d,SAM,31,"5,73","5,60",0,0,0 / 0,0,1,10,0
412,Teodorczyk,a,UDI,5,"5,7","5,6",0,0,0 / 0,0,0,1,0
413,Jony,c,LAZ,21,"5,64","5,60",0,0,0 / 0,0,1,4,0
414,Santon,d,ROM,11,"5,73","5,59",0,0,0 / 0,0,0,4,0
415,Behrami,c,GEN,17,"5,71","5,59",0,0,0 / 0,0,0,2,1
416,Bernardeschi,c,JUV,25,"5,52","5,58",1,0,0 / 0,0,1,6,0
417,Pezzella Giu.,d,PAR,19,"5,63","5,58",0,0,0 / 0,0,0,2,0
418,Murgia,c,SPA,24,"5,60","5,58",0,0,0 / 0,0,1,3,0
419,Schouten,c,BOL,18,"5,81","5,58",0,0,0 / 0,0,0,6,1
420,Bjarnason,c,BRE,13,"5,62","5,58",0,0,0 / 0,0,0,1,0
421,Igor,d,FIO,26,"5,69","5,56",0,0,0 / 0,0,1,9,0
422,Skrabb,a,BRE,8,"5,56","5,56",0,0,0 / 0,0,0,1,0
423,Aina,d,TOR,29,"5,66","5,55",0,0,0 / 0,0,1,8,0
424,Paqueta',c,MIL,19,"5,68","5,55",0,0,0 / 0,0,1,7,0
425,Dell'orco,d,LEC,13,"5,54","5,54",0,0,0 / 0,0,1,0,1
426,Sala,d,SPA,14,"5,57","5,54",0,0,0 / 0,0,0,1,0
427,Biraschi,d,GEN,24,"5,73","5,54",0,0,0 / 0,0,0,3,1
428,Paz,d,LEC,13,"5,65","5,54",0,0,0 / 0,0,1,5,0
429,Vieira,c,SAM,26,"5,73","5,54",0,0,0 / 0,0,1,11,1
430,Bourabia,c,SAS,16,"5,72","5,53",1,0,0 / 0,0,1,5,1
431,Ndoj,c,BRE,15,"5,6","5,53",0,0,0 / 0,0,0,2,0
432,Koulibaly,d,NAP,25,"5,78","5,52",0,0,0 / 0,0,0,7,1
433,Birsa,c,CAG,9,"5,56","5,5",0,0,0 / 0,0,0,1,0
434,Pavoletti,a,CAG,1,"5,5","5,5",0,0,0 / 0,0,0,0,0
435,Matri,a,SAS,3,"5,83","5,5",0,0,0 / 0,0,0,1,1
436,Rispoli,d,LEC,25,"5,62","5,5",0,0,0 / 0,0,0,6,0
437,Destro,a,GEN,9,"5,56","5,5",0,0,0 / 0,0,0,2,0
438,Salamon,d,SPA,5,"5,6","5,5",0,0,0 / 0,0,0,1,0
439,Zukanovic,d,SPA,3,"5,67","5,5",0,0,0 / 0,0,0,1,0
440,Adjapong,d,VER,4,"5,5","5,5",0,0,0 / 0,0,0,0,0
441,Cristoforo,c,FIO,1,"5,5","5,5",0,0,0 / 0,0,0,0,0
442,Musacchio,d,MIL,18,"5,67","5,5",0,0,0 / 0,0,0,4,1
443,Rodriguez R.,d,MIL,5,"5,5","5,5",0,0,0 / 0,0,0,0,0
444,Imbula,c,LEC,3,"5,5","5,5",0,0,0 / 0,0,0,0,0
445,Dijks,d,BOL,13,"5,69","5,5",0,0,0 / 0,0,0,5,0
446,Opoku,d,UDI,7,"5,71","5,5",0,0,0 / 0,0,0,1,1
447,Piccoli,a,ATA,1,"5,5","5,5",0,0,0 / 0,0,0,0,0
448,Benzar,d,LEC,3,"5,5","5,5",0,0,0 / 0,0,0,0,0
449,Tripaldelli,d,SAS,2,"5,5","5,5",0,0,0 / 0,0,0,0,0
450,Tremolada,c,BRE,1,"5,5","5,5",0,0,0 / 0,0,0,0,0
451,Viviani M.,c,BRE,5,"5,5","5,5",0,0,0 / 0,0,0,0,0
452,Riccardi D,d,LEC,1,"5,5","5,5",0,0,0 / 0,0,0,0,0
453,Paloschi,a,CAG,13,"5,46","5,46",0,0,0 / 0,0,0,0,0
454,Vicari,d,SPA,33,"5,64","5,45",0,0,0 / 0,0,0,4,0
455,Tachtsidis,c,LEC,27,"5,5","5,44",0,0,0 / 0,0,2,5,1
456,Fares,c,SPA,8,"5,56","5,44",0,0,0 / 0,0,0,2,0
457,Can,c,JUV,7,"5,57","5,43",0,0,0 / 0,0,0,2,0
458,Eysseric,c,VER,6,"5,58","5,42",0,0,0 / 0,0,0,2,0
459,Duarte,d,MIL,5,"5,6","5,4",0,0,0 / 0,0,0,2,0
460,Cetin,d,ROM,5,"5,8","5,4",0,0,0 / 0,0,0,2,1
461,Tunjov,c,SPA,5,"5,4","5,4",0,0,0 / 0,0,0,0,0
462,Murillo,d,SAM,9,"5,56","5,39",0,0,0 / 0,0,0,1,1
463,Badu,c,VER,4,"5,62","5,38",0,0,0 / 0,0,0,2,0
464,Cragno,p,CAG,16,"6,53","5,38",0,21,0 / 0,1,0,1,0
465,Cionek,d,SPA,27,"5,57","5,37",0,0,0 / 0,0,0,11,0
466,Luperto,d,NAP,7,"5,5","5,36",0,0,0 / 0,0,0,2,0
467,Aye',a,BRE,21,"5,45","5,36",0,0,0 / 0,0,0,2,1
468,Donnarumma G.,p,MIL,36,"6,22","5,35",0,42,0 / 0,4,0,3,0
469,Handanovic,p,INT,35,"6,2","5,34",0,32,0 / 0,1,0,2,0
470,Sportiello,p,ATA,6,"6,17","5,33",0,5,0 / 0,0,0,0,0
471,Peluso,d,SAS,20,"5,45","5,32",0,0,0 / 0,0,1,5,1
472,Felipe,d,SPA,14,"5,46","5,32",0,0,0 / 0,0,0,5,0
473,Rugani,d,JUV,8,"5,44","5,31",0,0,0 / 0,0,0,2,0
474,Lyanco,d,TOR,16,"5,59","5,31",0,0,0 / 0,0,0,5,0
475,Bereszynski,d,SAM,28,"5,55","5,30",0,0,0 / 0,0,0,10,0
476,Biglia,c,MIL,9,"5,39","5,28",0,0,0 / 0,0,1,4,0
477,Tomovic,d,SPA,21,"5,48","5,26",0,0,0 / 0,0,1,5,1
478,Colombi,p,PAR,4,"6,25","5,25",0,4,0 / 0,0,0,0,0
479,Antonucci,a,ROM,2,"5,5","5,25",0,0,0 / 0,0,0,1,0
480,Jankovic,c,SPA,2,"5,25","5,25",0,0,0 / 0,0,0,1,0
481,Mateju,d,BRE,30,"5,45","5,25",0,0,0 / 0,0,1,8,1
482,Maroni,c,SAM,4,"5,75","5,25",0,0,0 / 1,0,1,0,0
483,Murru,d,SAM,27,"5,43","5,24",0,0,0 / 0,0,0,4,1
484,Mangraviti,d,BRE,13,"5,31","5,23",0,0,0 / 0,0,0,2,0
485,Denswil,d,BOL,25,"5,44","5,22",0,0,0 / 0,0,0,5,1
486,Strakosha,p,LAZ,38,"6,24","5,18",0,42,0 / 0,1,0,2,0
487,Ranieri L.,d,FIO,3,"5,5","5,17",0,0,0 / 0,0,0,0,1
488,Szczesny,p,JUV,29,"6,21","5,16",0,33,0 / 0,1,0,1,0
489,Djidji,d,TOR,13,"5,31","5,12",0,0,0 / 0,0,0,1,0
490,Musso,p,UDI,38,"6,26","5,07",0,51,0 / 0,2,0,1,0
491,Da Costa,p,BOL,1,"6,0","5,0",0,1,0 / 0,0,0,0,0
492,Buffon,p,JUV,9,"6,11","5,0",0,10,0 / 0,0,0,0,0
493,Dragowski,p,FIO,31,"6,21","5,0",0,43,0 / 0,2,0,1,0
494,Andre' Silva,a,MIL,1,"5,5","5,0",0,0,0 / 0,0,0,1,0
495,Rossi F.,p,ATA,1,"6,0","5,0",0,1,0 / 0,0,0,0,0
496,Ospina,p,NAP,17,"6,0","5,0",0,17,0 / 0,0,0,0,0
497,El Yamiq,d,GEN,3,"5,17","5,0",0,0,0 / 0,0,0,1,0
498,Fuzato,p,ROM,1,"6,0","5,0",0,1,0 / 0,0,0,0,0
499,Moncini,a,SPA,2,"5,0","5,0",0,0,0 / 0,0,0,0,0
500,Corbo,d,BOL,2,"5,25","5,0",0,0,0 / 0,0,0,1,0
501,Carboni,d,CAG,6,"5,5","5,0",0,0,0 / 0,0,0,2,2
502,Silvestri,p,VER,35,"6,24","4,99",0,43,0 / 0,0,0,2,0
503,Sepe,p,PAR,34,"6,24","4,93",0,53,0 / 0,3,0,1,0
504,Gollini,p,ATA,33,"6,20","4,88",0,42,0 / 0,0,0,3,0
505,Olsen,p,CAG,17,"6,29","4,82",0,24,0 / 0,0,0,0,1
506,Meret,p,NAP,22,"6,14","4,77",0,33,0 / 0,1,0,0,0
507,Begovic,p,MIL,2,"6,25","4,75",0,3,0 / 0,0,0,0,0
508,Pau Lopez,p,ROM,32,"6,08","4,72",0,45,0 / 0,1,0,3,0
509,Sirigu,p,TOR,36,"6,43","4,68",0,64,0 / 0,1,0,4,0
510,Juan Jesus,d,ROM,3,"5,0","4,67",0,0,0 / 0,0,0,2,0
511,Alfonso,p,BRE,3,"6,0","4,67",0,4,0 / 0,0,0,0,0
512,Berisha,p,SPA,26,"6,37","4,65",0,44,0 / 0,0,0,1,0
513,Rosati,p,TOR,1,"5,5","4,5",0,1,0 / 0,0,0,0,0
514,Consigli,p,SAS,31,"6,08","4,39",0,55,0 / 0,1,0,1,0
515,Skorupski,p,BOL,37,"6,0","4,32",0,64,0 / 0,1,0,2,0
516,Joronen,p,BRE,29,"6,24","4,29",0,59,0 / 0,1,0,1,0
517,Audero,p,SAM,36,"6,01","4,28",0,60,0 / 0,0,0,1,0
518,Turati,p,SAS,2,"6,25","4,25",0,4,0 / 0,0,0,0,0
519,Perin,p,GEN,21,"6,07","4,24",0,38,0 / 0,0,0,1,0
520,Rafael,p,CAG,6,"6,0","4,17",0,11,0 / 0,0,0,0,0
521,Padelli,p,INT,3,"5,33","4,0",0,4,0 / 0,0,0,0,0
522,Radu I.,p,PAR,17,"6,03","4,0",0,35,0 / 0,0,1,1,0
523,Vigorito,p,LEC,5,"5,9","4,0",0,9,0 / 0,0,0,1,0
524,Thiam D.,p,SPA,2,"6,0","4,0",0,4,0 / 0,0,0,0,0
525,Gabriel,p,LEC,34,"6,16","3,99",0,76,0 / 0,2,0,4,0
526,Ujkani,p,TOR,1,"6,5","3,5",0,3,0 / 0,0,0,0,0
527,Andrenacci,p,BRE,6,"6,0","3,33",0,16,0 / 0,0,0,0,0
528,Falcone,p,SAM,2,"6,0","3,25",0,5,0 / 0,0,0,1,0
529,Letica,p,SPA,10,"5,7","3,05",0,29,0 / 0,1,0,1,0
530,Radunovic,p,VER,3,"5,67","2,83",0,8,0 / 0,0,0,1,0
531,Almici,d,VER,0,"0,0","0,0",0,0,0 / 0,0,0,0,0
532,Sarr M.,p,BOL,0,"0,0","0,0",0,0,0 / 0,0,0,0,0
533,Di Gaudio,c,VER,0,"0,0","0,0",0,0,0 / 0,0,0,0,0
534,Marrone,d,VER,0,"0,0","0,0",0,0,0 / 0,0,0,0,0
535,Matos,a,UDI,0,"0,0","0,0",0,0,0 / 0,0,0,0,0
536,Seculin,p,SAM,0,"0,0","0,0",0,0,0 / 0,0,0,0,0
537,Capezzi,c,SAM,0,"0,0","0,0",0,0,0 / 0,0,0,0,0
538,Donnarumma An.,p,MIL,0,"0,0","0,0",0,0,0 / 0,0,0,0,0
539,Berni,p,INT,0,"0,0","0,0",0,0,0 / 0,0,0,0,0
540,Bessa,c,VER,0,"0,0","0,0",0,0,0 / 0,0,0,0,0
541,Icardi,a,INT,0,"0,0","0,0",0,0,0 / 0,0,0,0,0
542,Puscas,a,INT,0,"0,0","0,0",0,0,0 / 0,0,0,0,0
543,Mandzukic,a,JUV,0,"0,0","0,0",0,0,0 / 0,0,0,0,0
544,Guerrieri,p,LAZ,0,"0,0","0,0",0,0,0 / 0,0,0,0,0
545,Marchetti,p,GEN,0,"0,0","0,0",0,0,0 / 0,0,0,0,0
546,Rafael Cabral,p,SAM,0,"0,0","0,0",0,0,0 / 0,0,0,0,0
547,Strinic,d,MIL,0,"0,0","0,0",0,0,0 / 0,0,0,0,0
548,Hiljemark,c,GEN,0,"0,0","0,0",0,0,0 / 0,0,0,0,0
549,Rigoni L,c,PAR,0,"0,0","0,0",0,0,0 / 0,0,0,0,0
550,Crescenzi,d,VER,0,"0,0","0,0",0,0,0 / 0,0,0,0,0
551,Gazzola,d,PAR,0,"0,0","0,0",0,0,0 / 0,0,0,0,0
552,Falcinelli,a,BOL,0,"0,0","0,0",0,0,0 / 0,0,0,0,0
553,Gomis A,p,SPA,0,"0,0","0,0",0,0,0 / 0,0,0,0,0
554,Ichazo,p,GEN,0,"0,0","0,0",0,0,0 / 0,0,0,0,0
555,Karnezis,p,NAP,0,"0,0","0,0",0,0,0 / 0,0,0,0,0
556,Scuffet,p,UDI,0,"0,0","0,0",0,0,0 / 0,0,0,0,0
557,Perica,a,UDI,0,"0,0","0,0",0,0,0 / 0,0,0,0,0
558,Thereau,a,FIO,0,"0,0","0,0",0,0,0 / 0,0,0,0,0
559,Viviani,c,SPA,0,"0,0","0,0",0,0,0 / 0,0,0,0,0
560,Alastra,p,PAR,0,"0,0","0,0",0,0,0 / 0,0,0,0,0
561,Machin,c,PAR,0,"0,0","0,0",0,0,0 / 0,0,0,0,0
562,Donsah,c,BOL,0,"0,0","0,0",0,0,0 / 0,0,0,0,0
563,Perisan,p,UDI,0,"0,0","0,0",0,0,0 / 0,0,0,0,0
564,Perisic,c,INT,0,"0,0","0,0",0,0,0 / 0,0,0,0,0
565,Tupta,a,VER,0,"0,0","0,0",0,0,0 / 0,0,0,0,0
566,Fiamozzi,d,LEC,0,"0,0","0,0",0,0,0 / 0,0,0,0,0
567,Balic,c,UDI,0,"0,0","0,0",0,0,0 / 0,0,0,0,0
568,Nagy,c,BOL,0,"0,0","0,0",0,0,0 / 0,0,0,0,0
569,Munari,c,PAR,0,"0,0","0,0",0,0,0 / 0,0,0,0,0
570,Aresti,p,CAG,0,"0,0","0,0",0,0,0 / 0,0,0,0,0
571,Schick,a,ROM,0,"0,0","0,0",0,0,0 / 0,0,0,0,0
572,Mazzitelli,c,SAS,0,"0,0","0,0",0,0,0 / 0,0,0,0,0
573,Parigini,c,GEN,0,"0,0","0,0",0,0,0 / 0,0,0,0,0
574,Pjaca,a,JUV,0,"0,0","0,0",0,0,0 / 0,0,0,0,0
575,Wallace,d,LAZ,0,"0,0","0,0",0,0,0 / 0,0,0,0,0
576,Lo Faso,a,LEC,0,"0,0","0,0",0,0,0 / 0,0,0,0,0
577,Gustafson,c,TOR,0,"0,0","0,0",0,0,0 / 0,0,0,0,0
578,Praet,c,SAM,0,"0,0","0,0",0,0,0 / 0,0,0,0,0
579,Ragusa,a,VER,0,"0,0","0,0",0,0,0 / 0,0,0,0,0
580,Joao Mario N.,c,INT,0,"0,0","0,0",0,0,0 / 0,0,0,0,0
581,Plizzari,p,MIL,0,"0,0","0,0",0,0,0 / 0,0,0,0,0
582,Cucchietti,p,TOR,0,"0,0","0,0",0,0,0 / 0,0,0,0,0
583,Kean,a,JUV,0,"0,0","0,0",0,0,0 / 0,0,0,0,0
584,Satalino,p,SAS,0,"0,0","0,0",0,0,0 / 0,0,0,0,0
585,Simic L,d,SAM,0,"0,0","0,0",0,0,0 / 0,0,0,0,0
586,Coulibaly M.,c,UDI,0,"0,0","0,0",0,0,0 / 0,0,0,0,0
587,Han,a,JUV,0,"0,0","0,0",0,0,0 / 0,0,0,0,0
588,Biancu,c,CAG,0,"0,0","0,0",0,0,0 / 0,0,0,0,0
589,Vitor Hugo,d,FIO,0,"0,0","0,0",0,0,0 / 0,0,0,0,0
590,Karsdorp,d,ROM,0,"0,0","0,0",0,0,0 / 0,0,0,0,0
591,Gravillon,d,SAS,0,"0,0","0,0",0,0,0 / 0,0,0,0,0
592,Ingelsson,c,UDI,0,"0,0","0,0",0,0,0 / 0,0,0,0,0
593,Gonalons,c,ROM,0,"0,0","0,0",0,0,0 / 0,0,0,0,0
594,Ounas,a,NAP,0,"0,0","0,0",0,0,0 / 0,0,0,0,0
595,Jaroszynski,d,GEN,0,"0,0","0,0",0,0,0 / 0,0,0,0,0
596,Falletti,c,BOL,0,"0,0","0,0",0,0,0 / 0,0,0,0,0
597,Vaisanen,d,SPA,0,"0,0","0,0",0,0,0 / 0,0,0,0,0
598,Ciciretti,c,NAP,0,"0,0","0,0",0,0,0 / 0,0,0,0,0
599,Ceravolo,a,PAR,0,"0,0","0,0",0,0,0 / 0,0,0,0,0
600,Zaccagno,p,TOR,0,"0,0","0,0",0,0,0 / 0,0,0,0,0
601,Nicolas,p,UDI,0,"0,0","0,0",0,0,0 / 0,0,0,0,0
602,Cerofolini,p,FIO,0,"0,0","0,0",0,0,0 / 0,0,0,0,0
603,Cancelo,d,JUV,0,"0,0","0,0",0,0,0 / 0,0,0,0,0
604,Hristov,d,FIO,0,"0,0","0,0",0,0,0 / 0,0,0,0,0
605,Brignola,a,SAS,0,"0,0","0,0",0,0,0 / 0,0,0,0,0
606,Lee,a,VER,0,"0,0","0,0",0,0,0 / 0,0,0,0,0
607,Nzonzi,c,ROM,0,"0,0","0,0",0,0,0 / 0,0,0,0,0
608,Sandro,c,GEN,0,"0,0","0,0",0,0,0 / 0,0,0,0,0
609,Buongiorno,d,TOR,0,"0,0","0,0",0,0,0 / 0,0,0,0,0
610,Danzi,c,VER,0,"0,0","0,0",0,0,0 / 0,0,0,0,0
611,Varnier,d,ATA,0,"0,0","0,0",0,0,0 / 0,0,0,0,0
612,Valzania,c,ATA,0,"0,0","0,0",0,0,0 / 0,0,0,0,0
613,Calabresi,d,BOL,0,"0,0","0,0",0,0,0 / 0,0,0,0,0
614,Rasmussen,d,FIO,0,"0,0","0,0",0,0,0 / 0,0,0,0,0
615,Hancko,d,FIO,0,"0,0","0,0",0,0,0 / 0,0,0,0,0
616,Vodisek,p,GEN,0,"0,0","0,0",0,0,0 / 0,0,0,0,0
617,Proto,p,LAZ,0,"0,0","0,0",0,0,0 / 0,0,0,0,0
618,Durmisi,d,LAZ,0,"0,0","0,0",0,0,0 / 0,0,0,0,0
619,Coric,c,ROM,0,"0,0","0,0",0,0,0 / 0,0,0,0,0
620,Bianda,d,ROM,0,"0,0","0,0",0,0,0 / 0,0,0,0,0
621,Dickmann,d,SPA,0,"0,0","0,0",0,0,0 / 0,0,0,0,0
622,Micin,a,UDI,0,"0,0","0,0",0,0,0 / 0,0,0,0,0
623,Baraye,a,PAR,0,"0,0","0,0",0,0,0 / 0,0,0,0,0
624,Colombatto,c,CAG,0,"0,0","0,0",0,0,0 / 0,0,0,0,0
625,Colidio,a,INT,0,"0,0","0,0",0,0,0 / 0,0,0,0,0
626,Riccardi,c,ROM,0,"0,0","0,0",0,0,0 / 0,0,0,0,0
627,Bradaric F.,c,CAG,0,"0,0","0,0",0,0,0 / 0,0,0,0,0
628,Sierralta,d,UDI,0,"0,0","0,0",0,0,0 / 0,0,0,0,0
629,Jandrei,p,GEN,0,"0,0","0,0",0,0,0 / 0,0,0,0,0
630,Despodov,a,CAG,0,"0,0","0,0",0,0,0 / 0,0,0,0,0
631,Nicolussi Caviglia,c,JUV,0,"0,0","0,0",0,0,0 / 0,0,0,0,0
632,Brancolini,p,FIO,0,"0,0","0,0",0,0,0 / 0,0,0,0,0
633,Montiel,c,FIO,0,"0,0","0,0",0,0,0 / 0,0,0,0,0
634,Beloko,c,FIO,0,"0,0","0,0",0,0,0 / 0,0,0,0,0
635,Gaetano,c,NAP,0,"0,0","0,0",0,0,0 / 0,0,0,0,0
636,Armini,d,LAZ,0,"0,0","0,0",0,0,0 / 0,0,0,0,0
637,Portanova,c,JUV,0,"0,0","0,0",0,0,0 / 0,0,0,0,0
638,Terzic,d,FIO,0,"0,0","0,0",0,0,0 / 0,0,0,0,0
639,Zurkowski,c,FIO,0,"0,0","0,0",0,0,0 / 0,0,0,0,0
640,Zennaro,c,GEN,0,"0,0","0,0",0,0,0 / 0,0,0,0,0
641,Sala M,d,SAS,0,"0,0","0,0",0,0,0 / 0,0,0,0,0
642,Adorante,a,PAR,0,"0,0","0,0",0,0,0 / 0,0,0,0,0
643,Casasola,d,LAZ,0,"0,0","0,0",0,0,0 / 0,0,0,0,0
644,Rizzo N,d,GEN,0,"0,0","0,0",0,0,0 / 0,0,0,0,0
645,Borghetto,p,VER,0,"0,0","0,0",0,0,0 / 0,0,0,0,0
646,Cristo,a,UDI,0,"0,0","0,0",0,0,0 / 0,0,0,0,0
647,Okoli,d,ATA,0,"0,0","0,0",0,0,0 / 0,0,0,0,0
648,Cambiaghi,a,ATA,0,"0,0","0,0",0,0,0 / 0,0,0,0,0
649,Cassandro,d,BOL,0,"0,0","0,0",0,0,0 / 0,0,0,0,0
650,Curcio,d,BRE,0,"0,0","0,0",0,0,0 / 0,0,0,0,0
651,Candela,d,GEN,0,"0,0","0,0",0,0,0 / 0,0,0,0,0
652,Schafer,c,GEN,0,"0,0","0,0",0,0,0 / 0,0,0,0,0
653,Merola,a,INT,0,"0,0","0,0",0,0,0 / 0,0,0,0,0
654,Fagioli,c,JUV,0,"0,0","0,0",0,0,0 / 0,0,0,0,0
655,Jorge Silva,d,LAZ,0,"0,0","0,0",0,0,0 / 0,0,0,0,0
656,Bleve,p,LEC,0,"0,0","0,0",0,0,0 / 0,0,0,0,0
657,Milli,p,LEC,0,"0,0","0,0",0,0,0 / 0,0,0,0,0
658,Haye,c,LEC,0,"0,0","0,0",0,0,0 / 0,0,0,0,0
659,Minelli,d,PAR,0,"0,0","0,0",0,0,0 / 0,0,0,0,0
660,Bouah,d,ROM,0,"0,0","0,0",0,0,0 / 0,0,0,0,0
661,Cangiano,a,BOL,0,"0,0","0,0",0,0,0 / 0,0,0,0,0
662,Ferigra,d,TOR,0,"0,0","0,0",0,0,0 / 0,0,0,0,0
663,Gilli,d,TOR,0,"0,0","0,0",0,0,0 / 0,0,0,0,0
664,Rauti,a,TOR,0,"0,0","0,0",0,0,0 / 0,0,0,0,0
665,De Angelis,c,TOR,0,"0,0","0,0",0,0,0 / 0,0,0,0,0
666,Berardi A.,p,VER,0,"0,0","0,0",0,0,0 / 0,0,0,0,0
667,Balkovec,d,VER,0,"0,0","0,0",0,0,0 / 0,0,0,0,0
668,Gallo,d,LEC,0,"0,0","0,0",0,0,0 / 0,0,0,0,0
669,Lakti,c,FIO,0,"0,0","0,0",0,0,0 / 0,0,0,0,0
670,Bahlouli,a,SAM,0,"0,0","0,0",0,0,0 / 0,0,0,0,0
671,Cipriano,d,LAZ,0,"0,0","0,0",0,0,0 / 0,0,0,0,0
672,Skrtel,d,ATA,0,"0,0","0,0",0,0,0 / 0,0,0,0,0
673,Russo A.,p,SAS,0,"0,0","0,0",0,0,0 / 0,0,0,0,0
674,Avogadri,p,SAM,0,"0,0","0,0",0,0,0 / 0,0,0,0,0
675,Gemello,p,TOR,0,"0,0","0,0",0,0,0 / 0,0,0,0,0
676,Gasolina Wesley,d,JUV,0,"0,0","0,0",0,0,0 / 0,0,0,0,0
677,Eriksson,c,GEN,0,"0,0","0,0",0,0,0 / 0,0,0,0,0
678,Breza,p,BOL,0,"0,0","0,0",0,0,0 / 0,0,0,0,0
679,Chironi,p,LEC,0,"0,0","0,0",0,0,0 / 0,0,0,0,0
680,Pirola,d,INT,0,"0,0","0,0",0,0,0 / 0,0,0,0,0
681,Prodl,d,UDI,0,"0,0","0,0",0,0,0 / 0,0,0,0,0
682,Colombo,a,MIL,0,"0,0","0,0",0,0,0 / 0,0,0,0,0
683,Ciocci,p,CAG,0,"0,0","0,0",0,0,0 / 0,0,0,0,0
